lagoslakeid,TrendCode,gnis_name,nhd_lat,nhd_long,lake_area_ha,lake_perim_meters,class,maxdepth,dr,colora,colort,tn.avg,tn.trend,tp.avg,tp.trend,np,trend.pptmean,trend.pptp95,trend.pptlag1,trend.tmaxmean,trend.tmaxp95,trend.tmaxlag1,wetland_pct,devel_pct,agri_pct
765,Negative,Powderhorn Lake,44.941935,-93.256915,4.253864611,1027.5563,mountains,7,19.02053199,NA,NA,1336.230189,-0.171440187,NA,NA,NA,-0.008256738,0.011429556,-0.001920399,0.026543396,0.011490509,0.015134675,0,98.78,0
203,Negative,NA,44.797357,-93.124752,5.408933746,1203.1759,mountains,4.4,31.21711761,NA,NA,NA,NA,NA,NA,NA,0.01809754,0.013045812,-0.022662926,0.039907043,0.020256704,0.01282117,0,97.98,0
40062,Negative,Sunnybrook Lake,45.051021,-92.91123,5.58569726,1470.6317,mountains,NA,39.45696572,NA,NA,NA,NA,NA,NA,NA,-0.001148937,-0.001447594,-0.004264345,0.016606702,-0.00275598,0.004765604,7.22,18.92,37.99
139765,Negative,Lee Lake,44.711378,-93.288306,8.163997215,1651.1795,mountains,5,20.3114895,NA,NA,NA,NA,NA,NA,NA,0.018000723,0.022900751,0.01050907,0.030167644,0.010964208,0.011884814,0,91.72,4.08
8271,Negative,Meadow Brook Pond,41.441102,-71.690336,9.808243782,2030.8643,mountains,3,178.9133344,NA,NA,505.2941176,0.047122602,24.00724638,-0.033325893,55.70204813,-0.016322141,-0.028591572,-0.04671989,0.034567467,0.001768095,0.01399183,14.06,14.87,7.87
1080,Negative,Fish Lake,44.821766,-93.16395,12.54351548,2612.1029,mountains,11,63.82218462,21.25,NA,NA,NA,NA,NA,NA,0.016976975,0.030385407,-0.014763995,0.042936621,0.022296943,0.015863659,0,89.12,0.92
102216,Negative,Kingsley Lake,44.707299,-93.299203,13.52344159,2723.5228,mountains,NA,5.124920711,NA,NA,NA,NA,NA,NA,NA,0.018000723,0.022900751,0.01050907,0.030167644,0.010964208,0.011884814,6.86,42.09,1.42
-88,Negative,Upper Gar Lake,43.367686,-95.121284,14.5687,NA,plains,1.524,NA,NA,NA,1462.199248,-0.078248868,104.2400376,-0.110481801,37.49588381,0.036992808,0.026885809,-0.0270055,0.04710615,0.026351034,0.028004559,NA,NA,NA
2424,Negative,Wirth Lake,44.981704,-93.323426,14.86328666,1793.7388,mountains,9,10.18880404,35,NA,771.9015873,-0.207328538,NA,NA,NA,-4.41E-05,0.023245129,0.007051425,0.043957161,0.021136064,0.014709645,1.24,60.67,0
88857,Negative,NA,44.969763,-93.388977,15.64125659,1644.1574,mountains,1.7,5.308714329,NA,NA,NA,NA,NA,NA,NA,0.019601583,0.03758988,-0.002714463,0.045893885,0.021079,0.013986082,9.19,79.54,0
7154,Negative,Beaver Dam Lake,42.390943,-73.895492,16.27717709,3111.467,mountains,7.5,13.9171482,NA,42.72,NA,NA,NA,NA,31.02820182,0.044268513,0.032221873,-0.014904078,0.03261085,0.004015166,-0.059864553,12.73,5.91,2.62
31567,Negative,Schmidt Lake,45.040514,-93.433072,17.16655004,2740.5212,mountains,11,2.430355069,NA,NA,887.0875822,-0.183155386,NA,NA,NA,-0.004612162,0.003449996,-0.002622391,0.049411973,0.024905706,0.014674212,0,96.78,0
307,Negative,Benton Lake,44.774699,-93.784604,19.15190193,1663.9878,mountains,NA,46.23748138,NA,NA,NA,NA,NA,NA,NA,0.025098619,0.017115754,-0.013066336,0.040693695,0.016625226,0.018180646,2.04,16.04,76.28
47359,Negative,Farquar Lake,44.758145,-93.164499,25.32909695,2563.2416,mountains,NA,12.58743069,NA,NA,NA,NA,NA,NA,NA,0.015828723,0.0201214,-0.014643662,0.036046979,0.018283645,0.012513252,0.34,68.66,1.78
4722,Negative,Crystal Lake,46.001794,-89.613093,37.52048463,2263.8742,mountains,20.4216,15.25279336,NA,3.2833,167.8073333,0.034828776,4.676657509,0.017857791,98.43368857,0.029606989,0.03252464,0.012641578,0.039751612,0.015154037,-0.0021942,14.51,9.8,1.35
124029,Negative,Mitchell Lake,44.857298,-93.496978,37.85989777,4835.6599,mountains,6.5,9.505440799,NA,NA,NA,NA,NA,NA,NA,0.013480248,0.018357444,-0.00911062,0.048588543,0.026278117,0.018420028,5.03,85.53,2.2
58763,Negative,Long Lake,45.047359,-92.852308,37.96951645,6113.8115,mountains,6,14.87434483,NA,NA,NA,NA,NA,NA,NA,-0.004294457,0.005377856,0.009754975,0.010040649,-0.005148314,0.004814037,0.57,80.47,7.3
102115,Negative,Wilkinson Lake,45.118232,-93.064876,38.58256594,2738.1781,mountains,1.219,26.16925366,NA,NA,NA,NA,NA,NA,NA,0.004559823,0.026501671,0.009078141,0.034575111,0.01999427,0.013970016,12.19,38.13,19.32
6944,Negative,Robinson Pond,42.118904,-73.555705,41.41253057,8265.8104,mountains,9,203.4633886,NA,31.94594595,935.5011905,0.210645026,41.42738095,-0.425641947,81.2820729,0.027293805,0.027409433,-0.022199492,0.030617695,0.005819376,-0.049405719,5.14,6.84,30.67
33640,Negative,Lake Netta,45.274897,-93.1965,46.50676328,4357.5476,mountains,5.8,3.448836848,NA,NA,NA,NA,NA,NA,NA,0.004661455,0.03428239,-0.014033975,0.045123276,0.02010874,0.01393595,19.55,19.55,13.07
1938,Negative,Crooked Lake,45.210486,-93.342972,48.73009205,4668.2762,mountains,6.5,2.678454583,13.18181818,NA,NA,NA,NA,NA,NA,0.008478527,0.016561899,-0.012005902,0.046158815,0.022515259,0.015533263,2.2,93.86,1.17
4339,Negative,Forest Lake,44.407393,-72.441595,54.81600168,3868.5907,mountains,29.5656,18.80872989,NA,NA,NA,NA,14.56721656,0.213265199,NA,0.004907816,0.007201889,-0.004088146,0.036662556,0.019783179,-0.056211314,6.16,4.07,1.86
6509,Negative,Chenango Lake,42.582642,-75.441489,55.43149789,3194.6861,mountains,10,2.258707666,NA,8.825,324.7883598,-0.110813558,10.98484848,-0.120681098,76.65188248,0.03938012,0.035222811,-0.003903856,0.023501889,-0.000352568,-0.05141529,4.87,0.14,0
7173,Negative,Hunt Lake,43.260021,-73.905631,55.49814545,3764.1615,mountains,8,9.49574606,NA,7.647619048,312.7321429,-0.146515041,7.037545788,0.070275663,114.9526855,0.003227242,0.008358814,-0.003852783,0.034928193,0.007832985,-0.061036131,1.9,0.84,0
56645,Negative,Ham Lake,45.256982,-93.222184,68.47307932,5179.3876,mountains,6.7,1.836182814,NA,NA,NA,NA,NA,NA,NA,0.010116766,0.016782316,-0.012916131,0.045056082,0.020394428,0.013932148,26.59,28.01,13.62
1089,Negative,Bush Lake,44.836272,-93.38308,70.68273918,5766.8533,mountains,10,6.006625737,10,NA,NA,NA,NA,NA,NA,-0.002455174,0.007456604,-0.018692726,0.046746768,0.027963761,0.019274217,0.62,58.96,3.49
1764,Negative,Lake Nokomis,44.908646,-93.242247,81.44438642,4413.6954,mountains,10.1,10.56237431,NA,6,1037.302564,0.034573884,NA,NA,108.0161026,0.006297321,0.024488289,-0.0159012,0.043901005,0.023682458,0.017240384,2.72,91.87,0.83
1932,Negative,Hydes Lake,44.815343,-93.874801,85.79128337,3928.7545,mountains,5.5,1.786372784,38.33333333,NA,NA,NA,NA,NA,NA,0.016140027,0.019943343,-0.003496799,0.037857792,0.013000869,0.017113889,1.24,8.04,78.91
3859,Negative,Bone Lake,45.286429,-92.859682,88.28388076,4854.2076,mountains,10,15.20304337,39.5,NA,NA,NA,NA,NA,38.44739227,0.007169917,0.013132303,-0.026952374,0.056323661,0.028186724,0.007978757,5.27,7.26,64.05
1123,Negative,Orchard Lake,44.700686,-93.309399,93.10287946,4592.6244,mountains,9.5,6.385755635,18.33333333,NA,NA,NA,NA,NA,NA,0.018000723,0.022900751,0.01050907,0.030167644,0.010964208,0.011884814,4.58,62.21,9.68
3753,Negative,Lotus Lake,44.877001,-93.53032,95.98071738,7464.6702,mountains,9.5,4.474123599,17.5,NA,NA,NA,NA,NA,NA,0.008543757,0.011081081,-0.002424771,0.046655948,0.024801735,0.018023567,0.55,92.84,2.85
6547,Negative,Lake Moraine,42.855758,-75.517344,98.28354113,11650.8677,mountains,13.5,19.93049318,NA,12.05128205,510.5875,-0.006819533,15.73468369,0.04913922,69.65038472,0.030527906,0.029074449,-0.007305148,0.031647386,0.014352596,-0.054198697,4.13,2.07,43.34
6519,Negative,Eaton Reservoir,42.860513,-75.699101,102.4663315,7822.5273,mountains,13,18.9793426,NA,6.528301887,NA,NA,7.801413486,-0.231302729,72.18556426,0.020669111,0.009824815,-0.017774411,0.028844684,0.010450776,-0.052938631,5.84,0.81,19.24
2648,Negative,Piersons Lake,44.832996,-93.698663,103.1286238,5789.5208,mountains,12.2,3.965705129,11,NA,NA,NA,NA,NA,NA,0.012860069,-0.004379866,-0.023424232,0.042706593,0.018005547,0.01771216,7.01,7.1,65.63
127344,Negative,O'Dowd Lake,44.741878,-93.516887,117.9462521,13463.9724,mountains,8,1.293778554,NA,NA,NA,NA,NA,NA,NA,0.004855782,0.017635366,0.020484244,0.042296269,0.023870295,0.020935679,1.36,35.63,25.21
6432,Negative,Effley Falls Pond,43.921671,-75.262354,126.7005417,10992.919,mountains,6.5,13.78465473,32.66666667,33.065,434.5,-0.114110811,6.998168498,-0.036570324,168.7700906,0.02818293,0.017051429,-0.01986881,0.060637871,0.036595276,-0.052489346,1.21,0.06,0.82
6397,Negative,Burden Lake,42.602017,-73.562201,149.5276008,14222.738,mountains,11.6,6.254864919,NA,8.417721519,372.2455357,-0.10869268,13.38839286,-0.072666176,67.5678641,0.032614313,0.027456819,-0.034570142,0.042812619,0.022927177,-0.059307713,4.27,12.28,8.19
4625,Negative,Allequash Lake,46.036814,-89.629758,164.2398169,9427.8125,mountains,8,8.709684734,NA,15.2357,324.0893333,-0.010370162,18.22061966,0.019645477,52.60841422,0.027728873,0.033447787,0.013266713,0.03775406,0.015436791,-0.003386079,27.03,3.55,0.2
8325,Negative,McWain Pond,44.18833,-70.677646,180.3067278,7536.8337,mountains,12.8016,4.841701427,10.83333333,NA,NA,NA,7.348626374,-0.130452032,NA,0.009206108,0.018472208,0.013322306,0.034469653,0.018661547,-0.052662242,5.47,5.65,7.36
7975,Negative,Crystal Lake,44.123426,-70.672218,180.6865165,6834.4545,mountains,19.812,12.62306664,16.5,18,NA,NA,7.888708514,0.084949716,42.8227292,0.012853903,0.019073822,0.012150824,0.026462193,0.014392342,-0.05328388,4.45,7.01,5.51
7521,Negative,Woods Pond,44.03312,-70.735959,187.1591569,8087.297,mountains,8.8392,7.021614233,30,NA,NA,NA,8.246428571,0.082561511,88.77003885,0.020042247,0.030417073,0.019060366,0.026764363,0.014758474,-0.052844562,7.76,4.48,1.42
5093,Negative,Fairfield Pond,44.853471,-72.989574,187.480516,11097.9502,mountains,12.8016,7.10050622,NA,NA,NA,NA,20.00528719,-0.045602943,NA,0.030182681,0.029573742,-0.014567072,0.039999528,0.036565383,-0.064714961,8.84,2.27,9.38
5288,Negative,Lake Morey,43.922736,-72.149991,222.5241718,7913.0093,mountains,13.1064,7.317079272,NA,NA,NA,NA,19.34140368,-0.045698061,NA,0.035123277,0.041866903,0.005939607,0.028033077,0.010321213,-0.057607564,1.62,5.87,1
6399,Negative,DeRuyter Reservoir,42.814186,-75.892558,224.4366753,10019,mountains,16.5,3.934333633,NA,6.842105263,357.4206349,0.014513982,11.92805383,-0.027381316,70.19657242,0.011125094,0.001680497,-0.010441835,0.03597989,0.010723778,-0.049347418,3.24,5.8,23.26
-77,Negative,Little Spirit Lake,43.497404,-95.124677,244.43,NA,plains,2.19456,NA,NA,NA,2708.921958,-0.092867986,243.2835213,-0.077618701,28.75760579,0.049218695,0.067134336,-0.020158302,0.047922911,0.024342874,0.031987243,NA,NA,NA
6521,Negative,Cossayuna Lake,43.205669,-73.423234,273.0913417,14085.9143,mountains,8,9.383372043,NA,16.49230769,529.1137566,-0.007333897,29.63756614,-0.074330172,48.98259492,0.037938169,0.050648887,0.009051343,0.052633724,0.036050745,-0.06099606,8.14,5.88,22.45
4449,Negative,Maidstone Lake,44.648797,-71.650141,305.8602552,10733.5033,mountains,36.8808,3.017327113,15,12.33333333,NA,NA,6.39009061,0.138544753,NA,0.03043961,0.037708143,0.01346,0.034265367,0.009024567,-0.049717368,1.5,1.61,0
3092,Negative,Lower Prior Lake,44.732821,-93.411219,380.7742872,24370.666,mountains,17.1,1.824797019,10.83333333,NA,NA,NA,NA,NA,NA,0.00269409,0.015073856,0.018774669,0.040042162,0.021088189,0.02050756,0.1,85.33,5.5
5293,Negative,NA,45.250604,-91.402686,440.8150517,23230.7335,mountains,30.7848,3.863533889,NA,13.18181818,NA,NA,17.20467593,-0.089345581,NA,0.012175536,0.032713066,0.035352499,0.022171265,-0.009288158,0.001882774,32.02,4.66,3.66
5407,Negative,Lake Carmi,44.972199,-72.874959,572.7381832,12976.2502,mountains,10.0584,4.294688921,NA,NA,NA,NA,29.39564133,0.033338701,NA,0.023777021,0.011955866,0.000516865,0.029713876,0.034395258,-0.063021569,NA,NA,NA
531,Negative,Big Marine Lake,45.222415,-92.856178,676.2589453,24298.9971,mountains,17,1.659627509,8.333333333,NA,NA,NA,NA,NA,NA,0.00832845,0.029955814,-0.016105808,0.043843526,0.020016235,0.010207127,7.02,9.76,31.76
-1111,Negative,West Lake Okoboji,43.362994,-95.156086,1556.826,NA,plains,40.8432,NA,NA,NA,767.3869048,-0.09610577,24.50793651,-0.096107624,87.29402563,0.035727352,0.0168634,-0.027305094,0.049531598,0.030846448,0.027768706,NA,NA,NA
38705,Negative,Oneida Lake,43.202378,-75.922466,20770.31374,126185.4905,mountains,16.8,12.9526176,NA,7,NA,NA,28.36347574,-0.062906618,32.01654968,0.015659425,0.006545299,-0.013168152,0.047201257,0.02876716,-0.055192394,8.27,7.91,27.33
96694,NotSig,NA,46.251455,-89.503567,1.364459507,472.0779,mountains,17,NA,NA,557.2045509,310.9339784,0.109052632,10.39790232,0.022302286,75.94354024,0.047137418,0.049031265,0.026862621,0.034319909,0.019954799,-0.014172364,NA,NA,NA
78447,NotSig,NA,45.032343,-92.908777,2.332217576,762.0724,mountains,NA,NA,NA,NA,NA,NA,NA,NA,NA,-0.001148937,-0.001447594,-0.004264345,0.016606702,-0.00275598,0.004765604,NA,NA,NA
139707,NotSig,NA,44.715181,-93.209014,2.962244901,702.2043,plains,NA,NA,NA,NA,NA,NA,NA,NA,NA,0.023195259,0.021992144,-0.006057197,0.029818204,0.013729906,0.014493637,NA,NA,NA
14815,NotSig,NA,44.969516,-93.284551,2.968210309,958.2247,mountains,5,NA,NA,NA,1267.510185,-0.116121783,NA,NA,NA,-0.002281831,0.03141339,-0.005585509,0.033803319,0.015394956,0.015811256,NA,NA,NA
42225,NotSig,NA,44.790766,-93.603926,3.095687054,924.12,mountains,6.5,NA,NA,NA,NA,NA,NA,NA,NA,0.007653988,-0.002566226,0.008212138,0.045782514,0.032142456,0.026495502,NA,NA,NA
7965,NotSig,Prince Pond,41.743681,-71.318561,3.29407261,857.1269,mountains,4,NA,NA,NA,970.6547619,0.095373796,73.57843137,0.072992217,38.77183188,0.007122846,0.006825066,-0.055254027,0.004655722,-0.014080298,0.000254214,NA,NA,NA
8304,NotSig,Spring Green Pond,41.735309,-71.410773,3.475893085,1234.5128,mountains,5.9,NA,NA,NA,479.4230769,-0.01933613,16.63541667,-0.044254177,67.40682357,0.022425234,0.023056971,-0.055666488,0.019873232,-0.00386987,-0.010120564,NA,NA,NA
177,NotSig,Peavey Lake,44.964807,-93.535843,3.487689177,729.7547,mountains,16.166,NA,55,NA,1071.599206,0.340467208,NA,NA,NA,0.017380564,0.040571935,-0.015188485,0.046946493,0.022506247,0.018865735,NA,NA,NA
62864,NotSig,NA,44.741189,-93.265892,4.401414654,842.9088,mountains,NA,15.19511453,NA,NA,NA,NA,NA,NA,NA,0.009981213,0.01881042,-0.000156264,0.034664814,0.016494986,0.014549881,0,99.33,0
103201,NotSig,NA,44.788701,-93.590235,4.602979168,982.7832,mountains,17.4,0.63249538,NA,NA,NA,NA,NA,NA,NA,0.007653988,-0.002566226,0.008212138,0.045782514,0.032142456,0.026495502,9.68,58.06,0
121982,NotSig,Quigley Lake,44.799847,-93.159595,4.722837288,863.9149,mountains,8,40.93313528,NA,NA,NA,NA,NA,NA,NA,0.011474719,0.014079466,-0.015592568,0.040730418,0.020480914,0.014745775,0,88.11,0
6560,NotSig,NA,42.644604,-73.435524,5.115559242,983.3272,mountains,5.1,11.98319796,NA,26.23333333,404.7291667,0.012704789,9.425324675,0.067203973,101.6015234,0.006822082,0.013593775,-0.038702883,0.039758448,0.024392476,-0.060896714,5.85,4.39,0
91980,NotSig,NA,44.793961,-93.599785,5.342381353,1004.0663,mountains,13.1064,13.56214417,NA,NA,NA,NA,NA,NA,NA,0.007653988,-0.002566226,0.008212138,0.045782514,0.032142456,0.026495502,0,83.16,16.6
117631,NotSig,Wilmes Lake,44.933444,-92.916997,6.398179056,1473.0476,mountains,4.081,139.9369201,NA,NA,NA,NA,NA,NA,NA,0.019064155,0.027807821,0.0116158,0.036010549,0.01633437,0.0105895,0.95,72.1,19.89
119767,NotSig,NA,45.027523,-93.394994,6.573533349,2241.8261,mountains,1.365,72.98112871,NA,NA,NA,NA,NA,NA,NA,-0.004818933,0.010420764,0.003342084,0.050064775,0.026786081,0.014112429,0.21,98.59,0
97720,NotSig,Gorton Lake,42.859529,-75.352019,6.651302956,1239.7323,mountains,NA,14.29914668,NA,16.76190476,NA,NA,18.58894994,0.01697099,70.86166866,0.014754985,0.008590709,-0.007794724,0.033662417,0.013573807,-0.054392046,4.67,0,0
6405,NotSig,Little Fresh Pond,40.918171,-72.408429,7.016839463,1223.0461,plains,6.4,37.55512927,NA,58.36111111,553.3333333,0.006065285,27.86160714,0.123195095,53.64292763,-0.033554641,-0.040930188,-0.051262044,0.025353733,0.00617468,0.014531435,1.84,34.67,4.16
8305,NotSig,Silver Spring Lake,41.538421,-71.472332,7.533056657,2489.7672,mountains,4.2,63.60666722,NA,NA,1254.117647,0.15689936,17.26190476,-0.011314096,192.2590507,-0.011270137,-0.003720558,-0.041807127,0.013359253,0.000840103,0.007974843,7.02,27.55,4.51
78404,NotSig,Lake Grace,44.825288,-93.604693,7.607356856,1393.5524,mountains,6.7056,144.4297615,NA,NA,NA,NA,NA,NA,NA,0.006207295,0.024202727,-0.018447832,0.04653827,0.022507967,0.016494327,2.61,41.91,34.06
418,NotSig,Elfin Lake,43.46829,-72.987965,8.258504312,1415.9795,mountains,NA,7.265728619,NA,NA,NA,NA,17.56423902,0.095342504,NA,-0.001355857,0.024901851,-0.027322155,0.070000437,0.048294361,-0.059619194,1.78,10.98,9.19
59748,NotSig,Gem Lake,45.058489,-93.041616,8.348156059,1394.3436,mountains,4.267,7.543848193,NA,NA,NA,NA,NA,NA,NA,0.020974294,0.032890357,0.013172444,0.025001824,0.013130147,0.01498757,3.97,45.32,3.12
92026,NotSig,NA,45.096549,-92.896376,8.963064423,2688.1822,mountains,NA,14.2652119,NA,NA,NA,NA,NA,NA,NA,0.005875471,0.021038546,0.000388184,0.020366099,0.001037658,0.00571487,5.21,8.03,31.9
7541,NotSig,Spring Grove Pond,41.910408,-71.650758,9.059717837,2488.4284,mountains,4.6,22.77708051,NA,30,394.7058824,-0.102072285,12.97368421,-0.006166351,70.9385458,-0.011022688,0.004611679,-0.048112337,0.036336736,0.011206712,-0.026206248,4.45,12.47,8.42
6496,NotSig,Lake Katonah,41.286256,-73.654828,10.13034253,1714.0983,mountains,1.7,4.064136867,NA,27.80952381,907.9047619,-0.122148747,102.6954365,0.002928924,22.39058357,-0.002875907,-0.002450443,-0.020787173,0.022249882,-0.004706706,-0.035400953,0,57.46,0
40044,NotSig,Earley Lake,44.73954,-93.295265,11.06515024,1880.8738,mountains,NA,59.63463272,NA,NA,NA,NA,NA,NA,NA,0.008294738,0.011222563,0.011230665,0.035620908,0.01658801,0.015259471,0.1,94.44,0.22
7171,NotSig,Earlville Lake,42.760517,-75.557851,11.0760987,1597.2665,mountains,10,434.8440649,NA,7.427272727,NA,NA,10.7827381,0.000725627,104.2678364,0.043567628,0.037347564,0.001362918,0.026101504,0.009542506,-0.053318805,9.38,10.01,30.32
85795,NotSig,Goggins Lake,45.132882,-92.893271,11.2822795,1320.8995,mountains,3.5,6.418009379,NA,NA,NA,NA,NA,NA,NA,0.008774716,0.028810153,0.003864985,0.027255381,0.007560988,0.008638653,1.25,10.29,47.56
94983,NotSig,Cenaiko Lake,45.140224,-93.300528,11.40415367,1513.2498,mountains,NA,0.285687264,NA,NA,NA,NA,NA,NA,NA,0.013258818,0.012895457,-0.007314463,0.04886092,0.026432032,0.012709728,33.34,0,0
7964,NotSig,Little Pond,41.706574,-71.405437,11.47267736,1515.9163,mountains,7.6,1.759330367,NA,NA,529.8444444,0.037192154,26.4375,0.028678312,44.37524574,0.016553788,0.011440145,-0.056785435,0.02704618,-5.04E-05,-0.008885414,0.45,91.36,6.36
128328,NotSig,Long Lake,44.756273,-93.174564,11.63336323,1950.7874,mountains,NA,3.72489893,NA,NA,NA,NA,NA,NA,NA,0.015828723,0.0201214,-0.014643662,0.036046979,0.018283645,0.012513252,0,93.32,0
6542,NotSig,Deer Lake,42.059384,-75.55355,11.96266262,1893.9748,mountains,3.1,42.34161079,NA,26.70909091,469.4217687,0.14740124,35.51020408,0.21551311,31.38007068,0.031665116,0.038000503,0.011728034,0.038426504,0.016458021,-0.050464742,1.81,4.61,2.38
8291,NotSig,Barber Pond,41.50215,-71.564772,12.17148504,2028.1643,mountains,7.6,26.38975039,NA,NA,437.6470588,0.062044824,16.46969697,0.029383592,64.39024292,-0.016317514,-0.018009068,-0.046801783,0.027477576,0.004344889,0.012510724,17.81,14.78,6.54
8057,NotSig,Curran Upper Reservoir,41.752966,-71.549003,12.29426691,1693.0896,mountains,7.3,17.4990117,NA,NA,376.2820513,-0.042060922,12.00595238,0.053597258,102.6841614,0.012456144,0.013426593,-0.049522346,0.029536964,0.00190564,-0.01513452,8.65,8.9,36.69
42204,NotSig,NA,44.72723,-93.391071,12.53163404,2142.9341,mountains,NA,12.87853238,NA,NA,NA,NA,NA,NA,NA,0.008319918,0.027493114,0.015641275,0.035663197,0.01695256,0.017669864,0,34.8,25.43
8294,NotSig,Glen Rock Reservoir,41.509926,-71.604388,12.62464917,5354.7268,mountains,2.8,647.8460654,NA,NA,443.2142857,0.069489048,14.97058824,-0.051907103,75.97699266,-0.013427803,-0.014289403,-0.048774457,0.03030706,0.004106671,0.013858063,14.76,8.36,6.42
7156,NotSig,Warn Lake,42.374539,-75.646292,12.88122901,1465.8436,mountains,8,26.48066079,NA,21.68468468,459.4007937,-0.038058966,12.46785714,0.061361405,90.34285508,0.04151786,0.058462774,-0.010781341,0.032954711,0.010946385,-0.050451687,5.6,9.12,36.2
335,NotSig,Blackhawk Lake,44.819498,-93.181963,12.89386772,2602.2676,mountains,NA,64.55479965,NA,NA,NA,NA,NA,NA,NA,0.016976975,0.030385407,-0.014763995,0.042936621,0.022296943,0.015863659,0.08,90.12,0.57
6552,NotSig,Duanespurg Reservoir,42.797472,-74.184014,12.98882552,2668.9855,mountains,5.1,11.90809282,NA,13.10828025,706.6178571,0.12258306,34.09268707,0.017711354,49.90945263,0.037661116,0.034587323,0.00259943,0.055671454,0.02486388,-0.061835666,7.68,4.89,31.41
4317,NotSig,Big Pond,42.891222,-73.068435,13.65093905,1603.768,mountains,8.5344,20.7911872,NA,NA,NA,NA,NA,NA,NA,-0.006048172,0.003309424,-0.033002588,0.041808526,0.03242692,-0.062297021,1.11,11.6,0.63
4388,NotSig,Lake Paran,42.932628,-73.23297,14.19807671,1852.5159,mountains,7.0104,273.9715512,NA,NA,NA,NA,NA,NA,NA,0.025632275,0.027298507,-0.028580799,0.044961552,0.027585259,-0.056187837,8.72,9.5,25.91
2604,NotSig,Pike Lake,45.067541,-93.208508,14.44329077,1544.7792,mountains,5,127.413926,NA,NA,NA,NA,NA,NA,NA,0.014495527,0.020909118,-0.010251436,0.032729086,0.015632725,0.013298118,0.76,97.63,0
8274,NotSig,Spectacle Pond,41.7906,-71.442921,14.62049058,2103.0862,mountains,3,33.88640787,NA,NA,953.3333333,0.116834718,52.02777778,-0.117623337,44.04084377,0.013915965,0.016003798,-0.055111523,0.02416612,0.007048345,-0.014126794,0.16,92.87,0
6922,NotSig,Beaver Lake,42.045607,-75.665484,15.39322896,1926.2158,mountains,5.5,10.413659,NA,15.6741573,389.3526786,0.084542278,23.4516369,-0.028412379,40.10732967,0.037357552,0.046352168,0.012743603,0.036253155,0.013861073,-0.048847057,0,2.25,0.9
6953,NotSig,NA,43.501572,-75.956481,15.54236056,9310.1747,mountains,2.9,139.4642438,NA,52.6969697,608.6839286,0.031291259,18.03720238,-0.044142718,100.3777177,0.010097292,-0.017302606,-0.001581193,0.04993081,0.039367031,-0.059037652,16.31,0.56,9.22
6423,NotSig,Teatown Lake,41.211499,-73.831771,16.2883606,2824.8983,mountains,3.3,20.71050456,NA,36.98765432,509.1825397,0.342590354,50.97478355,0.045355171,31.01214805,-0.00553026,-0.027619753,-0.030848421,0.042260333,0.017807333,-0.035792045,4.27,12.55,0.69
7160,NotSig,Ellis Lake,42.470454,-75.874322,16.53716249,1717.6156,mountains,4.7,24.77156249,NA,24.16666667,513.8214286,0.111472656,18.50686813,0.133161093,69.83094979,0.033681896,0.04121624,-0.015227754,0.031019958,0.007929118,-0.047705294,4.93,3.54,45.38
6550,NotSig,Anawanda Lake,41.857176,-74.963056,16.55762591,1721.3332,mountains,13.8,3.656234443,NA,4.736842105,337.4595238,-0.148613953,5.883928571,0.111873356,135.1332337,0.029781214,0.045854447,0.028752753,0.039696152,0.019650124,-0.052045841,0.3,1.18,0
7175,NotSig,Eagle Pond,44.669235,-74.273904,16.74124396,2071.3736,mountains,1.9,6.411688848,NA,16.26666667,NA,NA,NA,NA,62.81985145,-0.01540149,-0.015516777,-0.022336811,0.041019949,0.022374893,-0.058736269,2.34,1.34,0
838,NotSig,North Montpelier Pond,44.308741,-72.444159,16.83992667,3891.4971,mountains,3.6576,446.3070899,NA,NA,NA,NA,16.69924244,0.065085367,NA,0.03895818,0.040189777,0.002144659,0.048954663,0.023026603,-0.054229872,4.77,5.02,11.56
6562,NotSig,Indian Lake,41.373102,-73.887705,17.98282014,3083.4344,mountains,19,4.082383926,NA,11.57303371,510.3852041,-0.107726835,17.7244898,0.112368443,63.86310539,-0.008748896,-0.006229738,-0.018897705,0.023109494,-0.00055277,-0.039343282,1.46,9.99,0
11789,NotSig,Lake McKusick,45.062154,-92.827364,18.08263859,2651.2508,mountains,NA,17.49529685,NA,NA,NA,NA,NA,NA,NA,-0.004294457,0.005377856,0.009754975,0.010040649,-0.005148314,0.004814037,2.3,90.83,1.28
6427,NotSig,Smith Pond,42.388761,-77.474481,18.22945598,1789.2765,mountains,8,13.96363241,NA,46.83333333,1059.404018,0.309366698,53.33779762,0.081922834,57.00637262,0.027498357,0.035714288,-0.032634724,0.044571917,0.030471306,-0.049925478,8.13,5.52,64.37
76191,NotSig,Markgrafs Lake,44.938041,-92.899396,18.36845174,2728.9235,mountains,NA,9.368677901,NA,NA,NA,NA,NA,NA,NA,0.013643583,0.013572655,0.009240551,0.031287827,0.01201668,0.008094138,1.73,82.76,11.57
7789,NotSig,Lake Mishnock,41.653502,-71.590754,19.14800517,2981.0076,mountains,5.4,3.312136217,NA,NA,669.6428571,0.10369722,9.077777778,0.040231745,175.7311783,0.018549363,0.020181019,-0.057800883,0.03344052,0.001604088,-0.008733594,5.99,77.6,0
6494,NotSig,NA,42.817418,-73.399511,19.49854475,2762.7504,mountains,11.5,3.318154649,NA,7.246987952,319.4452381,-0.064179039,9.116031746,-0.014325538,100.3941963,0.034162621,0.041821292,-0.023284198,0.041228149,0.026477643,-0.060905515,0.28,5.86,0
2220,NotSig,Carver Lake,44.906419,-92.981361,19.57656234,1885.3014,mountains,11,47.72529905,30,NA,NA,NA,NA,NA,NA,0.01936587,0.021970849,0.008130532,0.037691669,0.015904056,0.013072896,0.61,84.55,5.77
163,NotSig,Long Lake,44.949828,-93.707677,19.84528359,2207.5462,mountains,22.63,1.8508206,10,NA,NA,NA,NA,NA,NA,0.00611123,0.012382574,-0.012965647,0.041819074,0.015075923,0.022982738,8.89,6.67,12.1
7593,NotSig,Keech Pond,41.8822,-71.691108,19.9241382,3914.6457,mountains,4.2,75.21409819,NA,NA,402.8333333,-0.011414634,12.20175439,0.044754324,77.90660143,-0.008998802,0.001573605,-0.051095897,0.033624315,0.008243075,-0.027181927,12.8,8.95,2.95
137783,NotSig,Powers Lake,44.925566,-92.899083,20.126184,2424.8908,mountains,13,9.403074299,NA,NA,NA,NA,NA,NA,NA,0.019064155,0.027807821,0.0116158,0.036010549,0.01633437,0.0105895,0.19,80.21,5.03
8312,NotSig,Boon Lake,41.583051,-71.67391,21.28536549,3373.2683,mountains,6.8,30.22654444,NA,NA,419.9358974,0.070651271,9.722222222,0.022767369,113.0125201,0.010462669,0.018006393,-0.059829634,0.032084359,0.000486439,-0.004556238,7.46,14.46,3.34
1353,NotSig,Fawn Lake,45.407502,-93.053256,21.37662756,2165.3295,mountains,7,1.395285319,20,NA,NA,NA,NA,NA,NA,0.008309174,0.041237396,0.000172466,0.050633306,0.020948182,0.011626506,14.24,32.12,5.45
3542,NotSig,Lake Hiawatha,44.920811,-93.23598,21.68515418,1784.2619,mountains,9.4,142.5034078,NA,NA,1002.645726,-0.094537229,NA,NA,NA,0.006297321,0.024488289,-0.0159012,0.043901005,0.023682458,0.017240384,0.11,99.3,0
4742,NotSig,Ticklenaked Pond,44.187891,-72.09915,22.24601834,2771.5399,mountains,15.5448,24.7524973,NA,NA,NA,NA,31.19969312,-0.038460491,NA,0.025536009,0.034614854,0.016022711,0.038161523,0.009206929,-0.050730819,3.78,6.94,31.37
4052,NotSig,Pike Lake,45.066109,-93.41971,22.49003045,2432.093,mountains,10.7,17.67320689,NA,NA,1390.142857,0.070818299,NA,NA,NA,0.00223701,0.00639944,-0.014091349,0.048977641,0.024145175,0.014779943,5.52,87.51,0
3630,NotSig,NA,45.043496,-93.340623,22.66251262,2253.6085,mountains,13.7,7.651301425,20,NA,NA,NA,NA,NA,NA,-0.001294391,0.017618913,0.003767039,0.047756828,0.026332589,0.014521119,2.43,96.49,0
6428,NotSig,Somerset Lake,41.910104,-75.229014,23.54204632,2179.4581,mountains,14,4.029776968,NA,10.48780488,388.9021164,-0.165557535,9.378809524,-0.076515512,97.89929063,0.035396686,0.045785541,0.014096751,0.039059845,0.016964496,-0.051542419,0.57,7,10.5
7040,NotSig,Lake Peekskill,41.34007,-73.882607,23.67234169,2700.6988,mountains,7.5,5.73603395,NA,10.20879121,512.962963,0.037109039,28.75958995,0.096792924,32.86638235,-0.010106664,-0.008980256,-0.031657654,0.031701035,0.007140121,-0.039189408,6.47,46.46,2.4
7402,NotSig,Echo Lake,42.385532,-75.850679,24.56335797,2145.4953,mountains,9.2,10.0664265,NA,21.63207547,355.5555556,-0.088396382,9.253968254,0.064803302,96.29651904,0.037872117,0.059545782,-0.015036836,0.033661149,0.010880314,-0.048064729,7.63,2.44,15.23
4898,NotSig,Spring Lake,43.495915,-72.918757,25.76633947,2789.7571,mountains,25.6032,3.258632407,NA,7,NA,NA,13.94069357,0.213746635,415.7344168,-0.016583042,0.008321717,-0.012187652,0.05515276,0.031975971,-0.056822083,6,1.71,0
6537,NotSig,Lake Como,42.677506,-76.302437,25.97725467,3429.2752,mountains,6.5,34.66359067,NA,16.10958904,888.0654762,-0.273963526,19.85957792,0.091898349,91.56156041,0.007152057,0.022643007,-0.025076997,0.018965575,0.000203675,-0.046836161,5.51,4.13,36.66
2537,NotSig,Danby Pond,43.364211,-73.052027,26.35518169,3180.9072,mountains,1.8288,5.499467543,NA,NA,NA,NA,18.48728923,0.150193585,NA,-0.024875715,-0.008144961,-0.020672864,0.087371893,0.077527895,-0.066348782,14.69,3.16,28.13
7379,NotSig,Oscaleta Lake,41.296539,-73.561543,26.82113482,2912.6993,mountains,11.5,11.88507016,NA,16.78571429,433.9107143,-0.369382114,20.37400794,-0.249683885,51.00837464,-0.008902691,-0.015665606,-0.02107311,0.002638335,-0.018859775,-0.031281504,9.96,7.92,1.86
734,NotSig,Sweeney Lake,44.993296,-93.338078,27.80686588,3404.5436,mountains,8.21,66.13438717,20,NA,NA,NA,NA,NA,NA,-4.41E-05,0.023245129,0.007051425,0.043957161,0.021136064,0.014709645,0.92,96.75,0.07
3140,NotSig,Tanners Lake,44.953165,-92.981356,28.01717119,2619.1746,mountains,15.048,5.128669441,32.5,NA,NA,NA,NA,NA,NA,0.015635359,0.011545703,0.011532751,0.035039508,0.014483548,0.012749074,0,98.43,0
3307,NotSig,Spurzem Lake,45.036309,-93.618879,29.63869329,2426.8143,mountains,11.706,34.88592766,42.5,NA,1895.672727,0.170761635,NA,NA,NA,0.01375656,0.016308909,-0.018249833,0.041420986,0.013992944,0.019110709,14.83,14.9,47.67
4484,NotSig,Curtis Pond,44.383202,-72.495912,30.84730446,5018.4557,mountains,9.4488,10.21684446,13.75,NA,NA,NA,17.60849997,0.144168439,NA,0.004564479,0.001965753,0.000624555,0.044898291,0.026099257,-0.056283936,3.4,4.46,14.49
72,NotSig,Winkler Lake,44.790222,-93.832742,31.20761134,2190.1644,mountains,NA,40.40730978,60,NA,NA,NA,NA,NA,NA,0.019449262,0.021394463,-0.007764198,0.039379624,0.014322692,0.017444066,1.51,6.54,84.84
4619,NotSig,Chipman Lake,43.407475,-73.030549,32.23226609,2748.3062,mountains,3.3528,5.835725247,NA,NA,NA,NA,11.70209349,0.221450795,NA,-0.021568776,-0.002139346,-0.025665596,0.079957785,0.063269096,-0.06393946,3.68,4.31,8.56
8308,NotSig,Carr Pond,41.635716,-71.555745,32.63366512,3591.4075,mountains,11.5,1.878387458,NA,NA,225.1666667,-0.222983636,6.522727273,-0.168590948,95.92677873,0.014113027,0.006856179,-0.05488452,0.027946194,0.001496708,-0.005159406,4.83,8.49,0
8286,NotSig,Locustville Pond,41.516009,-71.720839,33.05722236,5839.2101,mountains,4,62.44709239,NA,NA,389.4642857,-0.002554593,15.5,-0.054729306,67.29935314,-0.007804113,-0.011874307,-0.05214002,0.033472646,-0.002447065,0.013185743,13.21,7.26,5.78
8320,NotSig,Warwick Pond,41.723446,-71.412652,34.37495325,2703.1764,mountains,7.9,12.18404149,NA,NA,899.3214286,-0.078473569,30.07555556,-0.054037814,63.53617189,0.016553788,0.011440145,-0.056785435,0.02704618,-5.04E-05,-0.008885414,3.31,85.36,0
4356,NotSig,Halls Lake,44.085892,-72.123276,34.47811596,3543.9494,mountains,9.144,7.715622617,NA,NA,NA,NA,19.92331109,-0.129530739,NA,0.015571183,0.015466614,0.004522131,0.02622067,0.002258097,-0.054933158,1.12,6.98,17.33
132581,NotSig,Reitz Lake,44.83856,-93.747211,35.81586871,3235.7522,mountains,11,39.8022993,NA,NA,NA,NA,NA,NA,NA,0.020036874,0.025164463,-0.013909452,0.041452499,0.01726825,0.018024073,3.3,12.17,67.01
6507,NotSig,Truesdale Lake,41.281311,-73.553776,36.96865884,4076.6472,mountains,2.9,25.82475326,NA,36.10204082,757.7619048,0.258730394,57.99702381,0.06830433,32.54444415,-0.008902691,-0.015665606,-0.02107311,0.002638335,-0.018859775,-0.031281504,15.78,16.01,2.96
3024,NotSig,Halfbreed Lake,45.248782,-92.89851,37.28896249,4060.6161,mountains,10.4,5.373904534,16.64705882,NA,NA,NA,NA,NA,NA,0.007213999,0.029071523,-0.025412753,0.051126247,0.02425484,0.008898229,4.55,16.45,42.52
38846,NotSig,Parkers Lake,44.993491,-93.471793,37.71101621,2899.1054,mountains,12,14.19871623,NA,NA,688.6257015,0.077330628,NA,NA,NA,0.007881413,0.038508426,-0.003448831,0.048392463,0.023882155,0.016999848,0.18,99.48,0
7496,NotSig,Spring Lake,41.983438,-71.662141,38.3726135,4029.0504,mountains,7,6.160889612,NA,NA,304.4270833,0.054987148,10.14705882,0.049916813,75.20865263,-0.010572798,-0.002230775,-0.045479704,0.034607205,0.011004752,-0.027017581,11.33,10.41,0
8306,NotSig,Georgiaville Pond,41.895003,-71.51306,39.01905776,5958.7759,mountains,7.6,27.09942512,NA,NA,470,0.127581799,11.7,-0.018499637,99.21606233,-0.01367559,0.00166462,-0.04859145,0.03663076,0.017660157,-0.018048236,8.26,41.43,4.3
3863,NotSig,Gilfillan Lake,45.084266,-93.079301,40.88747592,3758.7351,mountains,2.7,5.257644826,NA,NA,NA,NA,NA,NA,NA,0.017014285,0.040286678,0.008758816,0.026823712,0.015555097,0.01517337,3.59,44.11,2.76
1143,NotSig,Alimagnet Lake,44.747259,-93.25,41.95367036,5492.4656,mountains,2.7,10.76699721,19.58333333,NA,NA,NA,NA,NA,NA,0.009981213,0.01881042,-0.000156264,0.034664814,0.016494986,0.014549881,0,88.25,0
134691,NotSig,Schutz Lake,44.875827,-93.645951,42.29382047,3258.0379,mountains,15,3.164296176,NA,NA,NA,NA,NA,NA,NA,0.010829077,0.018644112,-0.013436076,0.044723482,0.020054265,0.0194222,3.9,28.79,21.65
68958,NotSig,Birch Lake,45.082977,-93.041208,43.44523605,3266.9794,mountains,1.8,4.667608155,NA,NA,NA,NA,NA,NA,NA,0.017892159,0.03859289,0.011851051,0.028540952,0.016060703,0.013837967,0.58,92.27,0
6412,NotSig,Genegantslet Lake,42.516448,-75.774906,43.9682401,3915.8651,mountains,18.3,28.93396841,NA,17.64285714,384.9074074,-0.228081261,9.060064935,-0.008761913,126.2925904,0.022355307,0.035879151,-0.014492555,0.030614865,0.006715796,-0.048448217,7.34,1.49,14.84
3804,NotSig,South Pond,44.687835,-72.527146,45.54408077,6528.2924,mountains,20.1168,10.2758351,NA,NA,NA,NA,9.927359308,0.05398576,NA,0.030126886,0.044672243,-0.006368655,0.026121438,0.019198644,-0.056919607,3.39,0.38,0
94023,NotSig,Twin Lakes,45.053243,-93.336251,47.01947513,5189.5522,mountains,13.7,31.80754636,NA,NA,NA,NA,NA,NA,NA,-0.001294391,0.017618913,0.003767039,0.047756828,0.026332589,0.014521119,0.36,99.02,0
-99,NotSig,Minnewashta Lake,43.359724,-95.124431,47.7529,NA,plains,5.0292,NA,NA,NA,1543.166071,-0.061410641,105.317381,-0.069994314,39.84251407,0.036992808,0.026885809,-0.0270055,0.04710615,0.026351034,0.028004559,NA,NA,NA
678,NotSig,Lake of the Isles,44.955634,-93.308029,48.46746936,6742.8912,mountains,11,9.612853346,NA,NA,1025.999145,-0.005838388,NA,NA,NA,-0.002281831,0.03141339,-0.005585509,0.033803319,0.015394956,0.015811256,0.23,98.93,0
6434,NotSig,Silver Lake,44.227003,-74.826388,48.65424644,4480.4751,mountains,5.1,2.016283169,NA,11.91111111,382.2962963,-0.094059446,11.52678571,0.133330823,79.84503224,0.031730736,0.036307061,-0.00683487,0.050633306,0.025265037,-0.053202142,4.3,4.76,0
5052,NotSig,Lake Raponda,42.87525,-72.81859,50.10695894,5061.3653,mountains,3.6576,3.520175244,NA,NA,NA,NA,11.69798881,0.088674123,NA,0.008587388,0.023811239,-0.042350073,0.036999732,0.021026848,-0.055940714,0.21,10.69,0.1
6493,NotSig,Mirror Lake,44.290499,-73.980159,50.48510696,4036.74,mountains,16.8,5.346251143,NA,9.157142857,NA,NA,NA,NA,106.6828345,0.035812009,0.0326543,-0.017926141,0.016291136,-0.0041475,-0.055493458,2.03,32.58,0
124017,NotSig,Amelia Lake,45.131901,-93.052356,51.02419398,4409.3377,mountains,NA,3.961503047,NA,NA,NA,NA,NA,NA,NA,0.004350056,0.032923643,0.014577151,0.032918856,0.017463226,0.013975099,8.31,24.98,46.86
6433,NotSig,Mariaville Lake,42.826583,-74.130917,52.45209632,4490.3066,mountains,4.8,5.102135115,NA,28.125,577.4376623,0.042431527,40.76117216,0.048513547,37.84983547,0.036541684,0.035432424,0.000260342,0.051206477,0.020843308,-0.059132756,10.73,12.54,1.48
2319,NotSig,Sunset Lake,45.133607,-92.942565,52.8492967,4122.9713,mountains,4.9,3.152695748,NA,NA,NA,NA,NA,NA,NA,0.015667367,0.033971219,0.012496989,0.034772581,0.015691484,0.009553634,6.61,8.72,36.55
6480,NotSig,Oquaga Lake,42.02232,-75.459366,55.4842929,3364.171,mountains,35,3.668436207,NA,5.647619048,260.92,-0.120066539,5.55297619,0.111068035,126.6691007,0.039022331,0.042024235,0.014802151,0.03909705,0.01881647,-0.051724777,0.62,4.88,6.03
75,NotSig,Miller Lake,44.785811,-93.741682,55.96877128,3245.5434,mountains,4,89.02709257,50,NA,NA,NA,NA,NA,NA,0.023286927,0.015182164,-0.019172667,0.042039978,0.018975438,0.01899438,3.03,16.51,67.43
7168,NotSig,Queechy Lake,42.406956,-73.415909,57.17588302,5252.9197,mountains,12.5,5.734617665,NA,12.95394737,402.4666667,-0.158963351,8.425170068,0.006221623,114.2242666,0.015520142,0.032680892,-0.038035835,0.037829024,0.023008224,-0.059480096,2.52,9.82,4.22
96015,NotSig,Weaver Lake,45.109826,-93.502017,58.48720474,3169.0291,mountains,21,2.447155475,NA,NA,1020.045455,-0.189650342,NA,NA,NA,0.002515784,0.018579848,-0.015938445,0.045189298,0.017536684,0.017605414,3.27,89.49,3.08
5382,NotSig,Great Hosmer Pond,44.694038,-72.360725,59.30344637,8439.6727,mountains,17.3736,4.842784354,NA,NA,NA,NA,21.57046396,0.144293685,NA,0.018629607,0.014797874,-0.00222458,0.021009038,0.007120868,-0.054359648,4.8,2.74,7.54
134664,NotSig,Cleary Lake,44.693066,-93.39116,59.97771385,7310.2826,mountains,3.5,12.45718992,NA,NA,1839.287458,-0.16308387,NA,NA,NA,0.008319918,0.027493114,0.015641275,0.035663197,0.01695256,0.017669864,10.62,19.52,39.03
7970,NotSig,Yawgoo Pond,41.511129,-71.572995,60.72413145,3195.8569,mountains,10,7.530010519,NA,21,493.440455,0.084679404,21.19846132,0.026234803,62.36554688,-0.016317514,-0.018009068,-0.046801783,0.027477576,0.004344889,0.012510724,17.26,8.43,2.85
57709,NotSig,Hazeltine Lake,44.838472,-93.585448,61.61381141,3885.8582,mountains,1.9812,2.049212792,NA,NA,NA,NA,NA,NA,NA,-0.00429376,0.000504883,-0.005634591,0.047756647,0.024131528,0.017933004,2.44,79.8,2.72
906,NotSig,Sparkling Lake,46.008637,-89.699786,63.6524628,3777.2748,mountains,20,3.730383268,NA,270.34315,224.5157333,-0.008289814,5.283205128,0.046356781,119.402094,0.021210862,0.027939498,0.005897552,0.039558313,0.01309229,-0.002318189,26.01,13.13,0
2270,NotSig,Saint Albans Bay,44.90714,-93.55229,64.79762561,4485.3144,mountains,25.3,2.078145033,NA,NA,800.4365079,0.14845302,NA,NA,13.46041128,0.019825436,0.031310994,-0.016223284,0.045590725,0.022839087,0.018160182,0,96.34,0
843,NotSig,Stieger Lake,44.86656,-93.659015,65.63557503,3440.1654,mountains,12.2,5.082834002,NA,NA,1123.289562,-0.081765271,NA,NA,NA,0.010829077,0.018644112,-0.013436076,0.044723482,0.020054265,0.0194222,10.54,40.07,13.23
6410,NotSig,Loon Lake,42.492786,-77.567238,67.06988437,5867.7085,mountains,6.1,15.19692933,NA,11.27777778,435.8035714,-0.058159482,12.60204082,-0.030242294,78.73173757,0.004835072,0.018366836,-0.035254018,0.044492825,0.029981722,-0.054822076,1.23,6.8,49.65
2936,NotSig,Lake Bavaria,44.836876,-93.640379,67.18702117,4064.5189,mountains,18.3,2.067102628,NA,NA,NA,NA,NA,NA,NA,0.006207295,0.024202727,-0.018447832,0.04653827,0.022507967,0.016494327,0,55.3,25.65
1917,NotSig,Nichols Pond,44.457893,-72.342032,67.78698795,4501.6892,mountains,33.2232,3.279676761,NA,NA,NA,NA,11.70069799,0.098525028,NA,0.015031063,0.014754354,0.001801772,0.02486318,0.004691414,-0.053566004,0,0.2,0
1048,NotSig,Cedar Lake,44.959841,-93.321313,68.63339548,4713.0948,mountains,17,5.220543492,9.166666667,NA,729.6674603,-0.058608257,NA,NA,NA,0.012068427,0.040464807,-0.005548636,0.0404633,0.017555708,0.015514252,0.2,94.07,0
23286,NotSig,Fish Lake,44.651526,-93.460222,68.90463515,3379.0338,mountains,9.199,2.892858002,NA,19,1255.121212,-0.201461077,NA,NA,73.58892307,0.015567536,0.032842155,-0.00270213,0.039032489,0.022491985,0.014800461,2.44,13.86,64.91
1548,NotSig,Bryant Lake,44.878522,-93.428995,70.04533032,5250.2695,mountains,14.92,18.55578148,25,NA,1099.506313,-0.225243782,NA,NA,NA,0.003824583,0.027776026,-0.02065127,0.049194132,0.027013138,0.01788379,4.56,82.61,0.92
25348,NotSig,Bass Lake,45.054298,-93.433428,73.56823281,4913.4874,mountains,9.4,12.80781096,NA,NA,1441.688312,-0.15008815,NA,NA,NA,-0.004612162,0.003449996,-0.002622391,0.049411973,0.024905706,0.014674212,3.96,77.99,8.52
4892,NotSig,Lake Eden,44.718913,-72.505383,80.14004352,9780.7026,mountains,12.192,22.31622649,16.25,NA,NA,NA,11.85887946,0.111560729,NA,0.014684069,0.019559151,-0.006634141,0.028724952,0.018307222,-0.054117902,1.2,4.74,1.13
2746,NotSig,Fish Lake,43.287495,-89.652158,80.43431264,4061.0924,mountains,18.9,3.498782147,NA,10,854.3320707,0.403665077,24.2275974,0.165278196,108.0143695,0.044177932,0.038017334,0.003496343,0.050402631,0.01413607,-0.026247344,0.63,7.71,45.84
2015,NotSig,Square Lake,45.156677,-92.80406,82.08188101,3935.1864,mountains,21,3.190547666,5,NA,NA,NA,NA,NA,NA,0.001871157,0.025797111,0.000863914,0.033057296,0.012367947,0.011312427,1.34,8.06,25.74
4115,NotSig,Comfort Lake,45.320953,-92.947567,85.93665079,4990.4274,mountains,14.3,26.19580778,36,NA,NA,NA,NA,NA,NA,0.014015574,0.018229511,-0.025803387,0.063975135,0.035708371,0.005517448,11.71,29.17,33.98
3643,NotSig,Lake Zumbra,44.884696,-93.664661,86.19873052,7459.8505,mountains,17.7,1.465992904,NA,NA,1028.454545,-0.224983055,NA,NA,NA,0.010829077,0.018644112,-0.013436076,0.044723482,0.020054265,0.0194222,3.26,22.4,16.02
4655,NotSig,Shadow Lake,44.668504,-72.225321,87.93577856,4207.1816,mountains,42.3672,10.29923046,NA,NA,NA,NA,8.182098324,0.107064348,NA,0.024359031,0.036303556,0.009732813,0.024549121,0.008303901,-0.055047018,3.23,3.1,4.55
-55,NotSig,Center Lake,43.411821,-95.136238,89.0308,NA,plains,5.45592,NA,NA,NA,2086.806723,-0.142290934,119.6798319,-0.110193213,50.21435239,0.039396023,0.039611659,-0.031295235,0.045725467,0.022963625,0.028659383,NA,NA,NA
5542,NotSig,Miles Pond,44.446888,-71.811139,89.45827024,5493.4823,mountains,16.764,17.1432463,17.5,19,NA,NA,NA,NA,NA,0.021524657,0.04619997,0.020124634,0.036339084,0.00971279,-0.054204962,3.93,4.62,0.02
2193,NotSig,Fish Lake,45.092812,-93.463486,92.73951703,7945.3735,mountains,15.22,8.120422276,25,NA,1372.816017,0.026480647,NA,NA,NA,0.005418777,0.007162237,-0.016228876,0.047312578,0.022485107,0.017065804,3.16,86.5,1.07
7150,NotSig,Pleasant Lake,43.188472,-74.599857,98.29473047,6412.9546,mountains,14.3,4.14474136,NA,17.66129032,340.2037037,0.011379678,7.807792208,0.004110643,106.8783313,-0.002347261,-0.004952894,-0.010429501,0.032969648,0.011429485,-0.052577623,14.77,2.63,0
7382,NotSig,Peach Lake,41.362964,-73.579775,99.18316363,5361.8952,mountains,9,3.674319816,NA,18.84615385,733.1171429,-0.295270859,25.35761905,0.239233541,58.14773704,0.0032701,-0.004499669,-0.034695619,-0.010389832,-0.027110155,-0.031672519,7.64,24.35,22.9
5564,NotSig,Lake Iroquois,44.370142,-73.084184,99.94861587,6341.9721,mountains,11.2776,7.85795388,NA,NA,NA,NA,NA,NA,NA,0.019585917,0.028647056,0.005515268,0.045409705,0.022932642,-0.061741062,6.81,3.66,26.36
7905,NotSig,Stearns Pond,44.121374,-70.777014,100.451555,5064.3847,mountains,14.3256,21.40914974,20.625,37,NA,NA,8.568055556,-0.019703521,86.47312726,0.015265446,0.027585669,0.004537739,0.027501187,0.012989406,-0.054146326,7.59,3.39,1.93
-1010,NotSig,Lower Gar Lake,43.353601,-95.119746,101.576,NA,plains,2.46888,NA,NA,NA,1792.633929,-0.096788271,114.9285714,-0.127311249,40.24582886,0.03713856,0.024841645,-0.017789471,0.047355246,0.024019382,0.027049046,NA,NA,NA
5397,NotSig,Lake Parker,44.719052,-72.233971,102.4488903,5010.1473,mountains,13.716,20.47315331,17.5,NA,NA,NA,17.13864764,0.050284675,NA,0.012905803,0.017941029,-0.000610609,0.025891061,0.010994378,-0.05354464,2.48,4.35,20.01
2606,NotSig,Parley Lake,44.882505,-93.730758,102.4641944,5967.1403,mountains,7,8.715514879,NA,NA,NA,NA,NA,NA,NA,0.01322709,0.007754487,-0.006921436,0.041284186,0.017159531,0.019392681,6.97,11.6,51.29
7792,NotSig,Waterman Reservoir,41.876332,-71.584137,105.8208501,13775.4227,mountains,2.1,17.9730885,NA,NA,383.6764706,0.058104624,12.4,0.038647003,76.30557082,-0.015132956,0.008112721,-0.044906084,0.037961866,0.013384179,-0.021531459,12.19,15.57,7.38
123972,NotSig,Lake Rebecca,45.064878,-93.742788,106.7003116,4940.6709,mountains,9.1,1.897912618,NA,NA,1669.752525,-0.040668997,NA,NA,NA,0.009603567,-0.000740815,-0.030707231,0.034568594,0.009481326,0.024823102,2.76,8.52,18.82
7966,NotSig,Indian Lake,41.480288,-71.468201,108.2720175,5497.5441,mountains,2.7,1.738938984,NA,NA,458.5714286,0.090738424,16.58333333,-0.063735592,77.3009023,-0.014825877,-0.005447552,-0.043726574,0.019345413,0.007666051,0.010076994,18.16,24.96,3.02
973,NotSig,Typo Lake,45.414116,-93.086238,113.4108521,5924.7379,mountains,1.8,39.01537716,91.11111111,NA,NA,NA,NA,NA,NA,0.008424767,0.030845279,0.002001987,0.04825525,0.01925578,0.01366877,14.71,4.42,47.49
6492,NotSig,Otter Lake,43.140154,-76.533086,116.0563115,6450.395,mountains,3,2.945025213,NA,50.95652174,498.03125,0.014050995,15.98883929,0.294843856,83.35252513,0.022752363,0.028651664,-0.006215761,0.038400011,0.027816022,-0.0522336,23.31,3.78,64.78
2164,NotSig,Lake Riley,44.836257,-93.522038,116.7759718,5044.1992,mountains,15.2,4.478042008,13.75,NA,NA,NA,NA,NA,NA,0.004423857,0.015576704,0.004178535,0.050108389,0.025422003,0.019805087,2.58,70.88,10.32
2713,NotSig,Crystal Lake,44.721881,-93.266846,120.6052991,9523.594,mountains,11.3,3.28221131,12.35294118,NA,NA,NA,NA,NA,NA,0.022821265,0.022123623,0.00069152,0.027898756,0.011562,0.012638044,0.27,96.24,0.43
6554,NotSig,Tuxedo Lake,41.196985,-74.209158,121.1468354,7103.9619,mountains,19,6.106683388,NA,15.33333333,NA,NA,NA,NA,52.40791846,0.007902201,0.002033387,-0.031400604,0.031019476,0.007057545,-0.034276339,3.25,13.3,0.25
8065,NotSig,Stillwater Reservoir,41.903336,-71.545747,121.6273462,14540.2603,mountains,NA,25.7198517,NA,NA,378.6458333,-0.035596737,14.40277778,0.034017681,63.46663952,-0.014308718,0.005946348,-0.047318573,0.041836698,0.017498233,-0.023917004,11.33,27.06,3.9
6408,NotSig,Findley Lake,42.106075,-79.726181,124.9069714,9600.5348,mountains,11.7,9.714094693,NA,14.83798883,503.0580357,0.136883055,35.48317805,-0.012400603,41.34024837,0.011245139,0.006563753,-0.036753999,0.036055652,0.022122192,-0.052606236,3.06,5.88,32.47
6534,NotSig,Tuscarora Lake,42.866518,-75.755892,126.8740977,7498.6085,mountains,12.7,10.09392412,NA,6.778846154,NA,NA,11.44731061,-0.028513821,67.82792071,0.012620763,0.005442414,-0.015279793,0.031251669,0.010841598,-0.051903186,3.71,3.93,21.89
8037,NotSig,Trickey Pond,43.940797,-70.609427,127.6504408,7683.5006,mountains,17.3736,1.78670925,6.444444444,50,NA,NA,5.317307692,0.049172411,56.1130895,0.020846685,0.040975736,-0.003934877,0.031410363,0.014505914,-0.04532134,0.47,15.18,1.38
6413,NotSig,Glen Lake,43.364511,-73.672993,132.5703043,8407.0212,mountains,16.2,10.13840334,NA,14.4796748,382.265873,-0.294540157,8.208928571,0.310723812,107.9833913,0.03689916,0.024105091,-0.013169236,0.04363253,0.015279956,-0.055880358,7.71,27.29,0.8
8293,NotSig,Pascoag Reservoir,41.937293,-71.711032,136.8621341,15751.2726,mountains,5.8,10.25472483,NA,NA,274.3055556,0.048793725,8.983333333,-0.002004765,97.97407371,-0.008745569,0.004679343,-0.047516443,0.034639043,0.00936093,-0.028356967,8.23,11.1,1.14
2952,NotSig,Lake Harriet,44.921898,-93.305013,137.720307,4329.6664,mountains,25,2.757575559,9.285714286,NA,648.1251526,-0.069158561,NA,NA,NA,0.00843461,0.038052111,-0.012656492,0.045220862,0.023411898,0.017189268,1.11,94.78,0
7153,NotSig,Grass Lake,44.334635,-75.714554,138.0726348,12292.2339,mountains,15.4,3.594701243,NA,17.76470588,612.3958333,-0.320299063,16.54761905,0.077893813,143.4266251,0.048467557,0.041729488,-0.003665451,0.047155405,0.033489215,-0.053792042,12.47,0.34,0.73
5135,NotSig,Peacham Pond,44.331142,-72.260019,140.6055926,9943.07,mountains,18.5928,9.599892416,15,32,NA,NA,13.47046163,0.235624434,NA,-0.003309867,0.004267157,0.005968502,0.026563477,0.000585481,-0.048801723,3.59,0.56,0
3950,NotSig,Grove Lake,45.600146,-95.188584,143.3357442,7989.1057,mountains,10,16.26000746,29.09090909,NA,NA,NA,NA,NA,NA,0.038664271,0.03692597,-0.027441505,0.01917016,7.06E-05,0.024868666,9.09,4.03,78.96
4584,NotSig,Harvey Lake,44.293901,-72.137417,144.5672498,6542.2511,mountains,44.196,13.59449365,NA,NA,NA,NA,11.60998176,0.134038004,NA,0.02383985,0.032338744,0.019539616,0.033394275,0.002431719,-0.04944399,6.94,4.52,15.55
5284,NotSig,Joes Pond,44.412563,-72.216084,163.9212517,14222.2265,mountains,23.7744,40.05824112,NA,NA,NA,NA,22.61806278,0.40905826,NA,0.013990966,0.027293778,-0.001152103,0.00701544,-0.01814741,-0.044583411,5.71,3.97,4.76
6429,NotSig,Yankee Lake,41.586746,-74.55927,164.9299083,9620.3262,mountains,7,3.87747185,NA,20.81818182,363.9761905,-0.257281496,17.84424603,-0.354635347,48.75154365,0.031068584,0.035310296,0.000798857,0.022235155,0.001796795,-0.049108343,1,9.62,0.17
3113,NotSig,Lake Victoria,45.874335,-95.334057,168.9782845,10481.3487,mountains,18.3,4.793020149,10,6,NA,NA,NA,NA,70.21046667,0.051565176,0.059137005,-0.067306262,0.022060465,-0.00635697,0.031050196,1.76,25.18,53.29
1696,NotSig,Lake Calhoun,44.94198,-93.311823,169.920846,4981.7038,mountains,27.4,5.349285728,10,NA,677.0106838,-0.092504665,NA,NA,97.14159056,-0.002281831,0.03141339,-0.005585509,0.033803319,0.015394956,0.015811256,0.14,98.87,0
2329,NotSig,Upper Prior Lake,44.714411,-93.447482,171.6522995,11695.7996,mountains,13.1,4.617593615,20,NA,1570.102273,-0.002848946,NA,NA,NA,0.007939708,0.018185073,0.029381192,0.037598619,0.020070418,0.020794128,3.52,69.22,8.95
5227,NotSig,Lake Groton,44.269001,-72.263931,176.1983053,10789.3661,mountains,10.668,24.52207943,NA,NA,NA,NA,12.19015554,0.298811559,NA,0.001793003,0.005520465,0.015135809,0.034679269,0.007377495,-0.051737555,7.75,1.06,0
2855,NotSig,Clam Lake,44.928234,-85.251688,177.1280458,15395.387,mountains,8.8392,35.57805718,NA,6.5,NA,NA,NA,NA,220.257393,0.032928047,0.027931786,-0.032192236,0.031174888,0.017560102,-0.032564701,11.6,8.69,8.71
7135,NotSig,Friends Lake,43.625937,-73.844572,181.1612854,11671.6646,mountains,9.1,6.441296949,NA,10.98113208,286.430776,-0.075805484,11.72222222,-0.172055175,69.70501514,0.025116015,0.026523566,-0.023979714,0.062815524,0.05133474,-0.057409979,4.15,4.99,2.71
8179,NotSig,Keoka Lake,44.179064,-70.705379,186.1966076,7268.9575,mountains,12.8016,8.078986027,15.33333333,NA,NA,NA,8.260251323,0.018608854,89.92836676,0.009848704,0.013443304,0.004546342,0.031445776,0.015901747,-0.053926241,3.75,7.7,8
4626,NotSig,Lake Fairlee,43.889166,-72.226987,186.8760625,11736.6557,mountains,15.24,26.80077576,NA,NA,NA,NA,14.20425211,0.186352268,NA,0.047435102,0.05595116,0.001152457,0.02997897,0.007811399,-0.057512209,3.72,3.08,5.15
6419,NotSig,Cuba Lake,42.250585,-78.292245,187.7687829,13753.7263,mountains,14.9,34.10124928,NA,11.88721805,406.5334821,-0.049817875,16.62053571,0.197734377,61.04988244,0.013804431,0.024972074,-0.023822134,0.027485819,0.010734277,-0.050934753,0.55,2.48,23.23
1004,NotSig,Lake George,45.356543,-93.336178,194.4138842,5256.2088,mountains,9.8,2.752733088,NA,NA,NA,NA,NA,NA,NA,-0.010519401,0.009886845,-0.000831248,0.046184179,0.017764177,0.014761132,25.93,19.67,15.69
7126,NotSig,Millsite Lake,44.291032,-75.775616,197.0613725,12294.0622,mountains,24,2.004537006,NA,6.718181818,354.9547619,-0.038170774,8.187698413,0.11560236,108.8150602,0.054474186,0.047651779,0.004873151,0.050053327,0.039322333,-0.053509444,5.83,0.39,5.39
121869,NotSig,Whaletail Lake,44.936479,-93.72456,201.4755354,10419.1054,mountains,8,2.921217192,NA,NA,1698.909091,-0.151255739,NA,NA,NA,0.004943306,0.008005927,-0.00910705,0.04292681,0.018985931,0.021732489,15.11,6.79,42.01
766,NotSig,Marion Lake,44.666613,-93.284628,209.0701834,16527.6817,mountains,6.5,8.743765138,15,NA,NA,NA,NA,NA,NA,0.018568069,0.022215557,-0.007052614,0.023587442,0.007314218,0.009639142,2.05,47.27,17.63
6436,NotSig,Galway Lake,43.030632,-74.075398,211.8031882,11428.634,mountains,6.3,5.355857075,NA,14.00806452,361.8537415,-0.115350747,15.38095238,-0.006349121,54.3355733,0.032711338,0.03871128,0.012477378,0.036790741,0.008915128,-0.054834364,13.9,6.58,13.87
33602,NotSig,Lake Sarah,45.063109,-93.680853,218.8915831,11465.083,mountains,17.9832,7.08719144,NA,NA,1666.693297,0.014080439,NA,NA,NA,0.013126661,0.009599236,-0.026221247,0.035953897,0.006107261,0.019837705,6.31,13.23,62.32
7169,NotSig,Caroga Lake,43.132425,-74.490168,223.689605,13368.4587,mountains,15,7.966437654,NA,12.74829932,379.5238095,-0.019090179,8.404761905,0.030346794,98.34154856,0.01955854,0.016092262,-0.000435271,0.016566612,0.005013823,-0.050684844,11.98,8.43,0.58
7790,NotSig,Watchaug Pond,41.383814,-71.691615,232.3916604,8397.0959,mountains,12.8,7.139010183,NA,NA,418.7254902,0.055561794,13.32608696,-0.020969983,88.0214815,-0.018886842,-0.024165263,-0.053263579,0.051373209,0.027376473,0.019136898,27.14,12.53,1.98
6065,NotSig,Forest Lake,40.177545,-92.641957,234.8933228,28000.1838,plains,12.19,15.25952844,NA,NA,477.656664,-0.166781841,29.8959596,-0.215806941,40.71890617,0.003564807,-0.012675507,-0.029808321,0.04686093,0.015293639,-0.028588291,0.2,8.21,10.57
533,NotSig,Spring Lake,44.700302,-93.473593,237.6788841,8067.877,mountains,11.207,16.38768169,24.44444444,NA,1944.56229,-0.090999093,NA,NA,49.65845964,0.007939708,0.018185073,0.029381192,0.037598619,0.020070418,0.020794128,6.34,10.7,70.07
2421,NotSig,Green River Reservoir,44.63594,-72.520036,240.0666068,28638.215,mountains,28.3464,14.62644053,NA,43,NA,NA,12.18075398,-0.057349762,NA,0.022640819,0.027718649,-0.007961833,0.03053804,0.01633665,-0.054335951,5.53,0.44,0.11
6439,NotSig,Lincoln Pond,44.143115,-73.573368,261.7941646,16830.4846,mountains,7.7,10.95532118,NA,12.81578947,224.7916667,-0.103400855,8.449642857,-0.043546323,68.79755126,0.008162159,0.019460578,-0.012582171,0.041657163,0.016378978,-0.060938191,1.72,4.09,0
5435,NotSig,Caspian Lake,44.585241,-72.310419,319.6445187,9311.6933,mountains,43.2816,4.564221999,7.5,7,NA,NA,8.82292333,0.125830756,NA,0.022326567,0.033212259,0.012044448,0.024347012,0.008610643,-0.055383193,3.75,5.74,17.69
4200,NotSig,Lake Independence,45.030909,-93.649275,324.6329052,10932.8252,mountains,17.7,5.220003299,24,NA,1345.630231,0.015328917,NA,NA,66.01539942,0.011395164,0.016587112,-0.020216476,0.039613809,0.013819766,0.020557266,10.38,8.32,54.1
5238,NotSig,Lake Saint Catherine,43.468388,-73.212619,359.2209498,17393.9627,mountains,20.7264,7.391457782,NA,NA,NA,NA,16.53152234,-0.087182462,NA,0.019102529,0.037385619,-0.013826745,0.064547785,0.044167119,-0.062719509,4.55,7.33,5.46
6530,NotSig,Canada Lake,43.161608,-74.537847,361.0011235,26427.7827,mountains,38,15.03296541,16.8,19.57758621,398.6177249,-0.040778964,7.236425754,-0.105312482,149.4976203,0.011657719,0.006527269,-0.002055417,0.024786585,0.008108774,-0.051267288,16.93,2.24,0.03
5248,NotSig,Big Muskellunge Lake,46.016693,-89.614589,363.4453287,16150.2956,mountains,21.336,1.528837912,NA,201.6381,336.715,0.008081534,8.138553114,0.044543546,118.9231654,0.029606989,0.03252464,0.012641578,0.039751612,0.015154037,-0.0021942,16.36,7.69,0
3637,NotSig,Medicine Lake,45.007824,-93.420596,367.0990234,14520.5509,mountains,14.9,9.239668462,18.33333333,NA,1044.937479,-0.083487918,NA,NA,NA,0.001994415,0.015511744,0.005232778,0.048335674,0.025080047,0.015638283,4.18,89.54,1.28
6973,NotSig,Butterfield Lake,44.318321,-75.774929,417.3819499,24219.4615,mountains,14.6,4.425192341,NA,13.75842697,556.4166667,0.070042956,16.32087912,0.021411564,77.3964367,0.054559399,0.043978426,0.006784817,0.049584172,0.038258215,-0.053555122,17.71,3.82,9.63
5491,NotSig,Lake Dunmore,43.90168,-73.075781,420.7170356,18496.8742,mountains,32.004,9.861688296,NA,NA,NA,NA,11.67675366,0.180416805,NA,0.020239906,0.016656272,-0.005555708,0.036643823,0.009092212,-0.055448758,4.62,1.5,0.96
-44,NotSig,Silver Lake,43.446728,-95.335687,421.2778,NA,plains,3.23088,NA,NA,NA,3174.746032,-0.070390265,153.9708791,-0.162970594,70.83379822,0.033476393,0.042746831,-0.006062627,0.067334733,0.05556621,0.023307243,NA,NA,NA
3017,NotSig,Lake Darling,45.918973,-95.396336,422.0085608,10784.4572,mountains,18.9,0.677481731,10,10,NA,NA,NA,NA,81.52522429,0.043993127,0.04680287,-0.065907493,0.020504363,-0.007859349,0.030622357,3.35,54.89,16.63
6411,NotSig,Lake Clear,44.366481,-74.254602,448.510772,17663.5834,mountains,17.5,5.115498751,NA,17.45,294.1402116,-0.097269277,8.557692308,-0.032665555,88.72270026,0.032305756,0.015049964,-0.016270268,0.012277087,0.001824854,-0.060547601,2.2,3.78,0
7128,NotSig,Fulton Chain Lakes,43.719821,-74.923776,459.8781643,32784.469,mountains,15.2,6.898575286,NA,20.01714286,418.8321429,-0.195382149,9.011780754,-0.004375532,119.0250058,0.017030487,0.001533001,-0.034044059,0.047758692,0.023833471,-0.05252361,5.63,1.47,0.06
49938,NotSig,Schoharie Reservoir,42.362418,-74.442637,469.1199285,29779.7702,mountains,46.5,162.8835128,14,NA,277.7330447,-0.08459053,18.11540919,-0.099416149,42.19199293,0.029512672,0.040605831,-0.003173594,0.057250346,0.027470871,-0.049942538,2.54,4.03,6.98
6409,NotSig,Peck Lake,43.114672,-74.412247,573.9046356,21740.276,mountains,10.7,4.595973906,NA,12.87272727,NA,NA,NA,NA,94.15034257,0.019740788,0.020140721,0.000631777,0.01363191,0.004630315,-0.050026393,9.86,1.94,0
1927,NotSig,Coon Lake,45.306358,-93.165807,601.217439,25931.0548,mountains,8.2,2.644322654,19.375,NA,NA,NA,NA,NA,NA,0.008538882,0.030678644,-0.015057066,0.045153669,0.018854667,0.014562659,40.93,15.76,14.63
25980,NotSig,Neversink Reservoir,41.846913,-74.653636,623.0093876,30758.2063,mountains,57,37.45341732,11.07446809,NA,252.2185897,-0.012594212,6.295592186,0.13523029,115.4160681,0.034505405,0.045769469,0.026220732,0.03925313,0.019672158,-0.046820828,1.18,1.03,1.29
8313,NotSig,Moose Pond,44.034913,-70.802844,686.8055587,53711.0789,mountains,21.336,7.567996923,13.125,NA,NA,NA,6.125,-0.043099558,86.68504861,0.018420719,0.036362503,0.01461139,0.027842737,0.014497515,-0.052476762,3.38,7.02,2.54
4845,NotSig,Seymour Lake,44.891947,-71.989589,719.2264761,17249.8971,mountains,50.9016,5.631327313,11.25,NA,NA,NA,8.999565003,0.115942776,NA,0.017278024,0.032144636,0.03801741,0.037775639,0.015698596,-0.051931516,4.72,4.17,6.22
1572,NotSig,Lake Le Homme Dieu,45.928508,-95.350883,726.3016207,15730.066,mountains,25.9,1.236595696,7.777777778,NA,NA,NA,NA,NA,NA,0.049799007,0.047379457,-0.062715421,0.019745529,-0.008905072,0.030352258,2.24,40.57,32.46
-1212,NotSig,East Lake Okoboji,43.379653,-95.118418,742.5982,NA,plains,6.7056,NA,NA,NA,1345.065476,-0.083540386,103.5797619,-0.110495955,37.17542052,0.036992808,0.026885809,-0.0270055,0.04710615,0.026351034,0.028004559,NA,NA,NA
6227,NotSig,Lake Taneycomo,36.661942,-93.196415,861.3030064,133453.6099,mountains,NA,100.0771035,NA,NA,914.738566,0.184388253,62.99967587,0.148225956,49.10478945,0.00200984,0.010386692,0.007709542,0.032458002,0.012995823,-0.024602792,0.16,10.24,15.2
552,NotSig,Forest Lake,45.273736,-92.947538,914.1622804,28054.6085,mountains,11.3,2.503847373,41.4,NA,NA,NA,NA,NA,NA,0.008814653,0.018565621,-0.025385961,0.058720004,0.030367509,0.006975321,12.96,27.25,23.13
4432,NotSig,NA,46.094142,-91.125792,948.7409316,40513.8935,mountains,9.4488,6.962302365,NA,18.33333333,NA,NA,24.75430403,-0.031754048,NA,0.038478546,0.032167997,-0.00095991,0.014356654,-0.00792144,-0.007222759,31.94,4.82,0.19
4787,NotSig,Lake Bomoseen,43.653966,-73.209565,977.346266,36958.5244,mountains,19.812,6.009720561,5,NA,NA,NA,NA,NA,NA,0.033669579,0.034686638,-0.015433866,0.05452845,0.026032925,-0.059320783,7.06,7.48,6.03
1627,NotSig,Platte Lake,44.690438,-86.092522,1025.222496,15209.1709,mountains,27.432,22.15307144,NA,5,NA,NA,7.161996452,0.071540954,NA,-0.012881142,-0.003646523,-0.044860193,0.028630485,0.003913066,-0.019721906,6.83,6.51,5.06
2062,NotSig,Lake Skegemog,44.811804,-85.32382,1120.339158,24535.3555,mountains,8.84,20.20956789,NA,9,NA,NA,5.96,-0.184506695,167.3040517,0.019673265,0.017518234,-0.036758001,0.029313168,0.017209635,-0.029704679,7.77,7.83,4.7
115040,NotSig,Ashokan Reservoir East Basin,41.962192,-74.241976,1266.161034,37784.4459,mountains,32.9,48.12506344,7.750943396,NA,230.1904762,-0.095624013,11.24933955,-0.132970226,55.46874055,0.028587633,0.049070419,-0.008784358,0.026413352,0.001283631,-0.050112075,1.58,2.22,0.72
4559,NotSig,Lake Monona,43.068029,-89.360153,1359.758514,26449.7668,plains,22.5,5.9721967,NA,11.66666667,NA,NA,55.52232743,0.035527369,66.76431137,0.035756129,0.045659172,0.00132342,0.027654065,-0.003608461,-0.020833656,3.02,74.18,17.66
4099,NotSig,NA,45.408891,-84.805378,1391.750468,42546.3887,mountains,22.5552,14.01187217,NA,8.75,449.9836,-0.212985107,7.683888889,0.206430253,193.019736,0.025257638,0.03812598,0.003583615,0.031773926,0.020751021,-0.026965424,15.07,6.26,9.87
6543,NotSig,Saratoga Lake,43.016463,-73.740774,1526.575366,20876.5629,mountains,28.9,31.60495817,NA,16.04651163,376.8554422,0.162544998,20.43707483,-0.364365738,44.03360998,0.040478067,0.041546699,0.000589221,0.039111694,0.015309173,-0.055488702,19.95,13.4,12.75
4664,NotSig,Trout Lake,46.043693,-89.673305,1565.050518,32458.4788,mountains,35.7,2.543332588,NA,6.9227,216.549,0.003978273,6.153269231,0.004773584,92.22765972,0.020892879,0.030935575,0.010149935,0.035532635,0.012064638,-0.003538657,29.38,7.77,0.63
8339,NotSig,China Lake,44.437421,-69.558172,1595.230966,49047.6514,mountains,25.908,4.427543678,34.21052632,8.333333333,NA,NA,19.05753391,0.0216557,48.05174152,0.002096395,-0.007211623,-0.020096054,0.018661175,-0.002949661,-0.03936258,19.95,8.95,10.71
7151,NotSig,Schroon Lake,43.788272,-73.772977,1722.781629,52918.0164,mountains,44,20.91802134,NA,18.47154472,324.547619,-0.136329498,9.009920635,0.202926739,98.97264168,0.034694192,0.034671023,-0.020805409,0.068058596,0.057182628,-0.0620687,5.53,4.75,0.15
2851,NotSig,Walloon Lake,45.294291,-84.994757,1853.422124,48696.3875,mountains,30.48,4.304359517,NA,5.5,480.9379167,0.024795009,5.753338462,0.001230571,239.9063929,0.019683552,0.03081693,0.005055684,0.014393838,0.013218684,-0.029301147,8.62,8.61,23.69
40610,NotSig,Cannonsville Reservoir,42.104206,-75.287129,1909.247597,91574.1198,mountains,52.3,58.77825766,15.12690355,NA,495.9723859,-0.167590388,25.84851399,0.070800199,55.07089941,0.043139126,0.056886526,0.018183502,0.039661571,0.021224165,-0.052635234,1.39,3.66,23.26
-33,NotSig,Saylorville Reservoir,41.710239,-93.685429,2011.288,NA,plains,7.5,NA,NA,NA,8100.75345,0.010932156,399.2431179,0.015481804,59.3965397,0.016668486,0.034263169,0.003371969,0.053529197,0.018771576,-0.013146328,NA,NA,NA
39489,NotSig,Ashokan Reservoir West Basin,41.97365,-74.150688,2089.324749,50088.8137,mountains,56.2,1.09212794,10.30278884,NA,268.6538462,-0.061400911,13.33533411,-0.063333378,68.35802806,0.036609799,0.045996639,-0.013769146,0.025959348,0.001953604,-0.05087045,8.85,9.3,0.21
-11,NotSig,Coralville Reservoir,41.80759,-91.583368,2136.74,NA,plains,8.9,NA,NA,NA,6819.374396,-0.008008323,623.6387189,0.154011465,22.77189741,0.004372522,-0.001629354,-0.022804126,0.044095402,0.00528567,-0.03272001,NA,NA,NA
72641,NotSig,Lake Wallenpaupack,41.412534,-75.240595,2210.051658,64716.9027,mountains,20,19.38042289,NA,NA,NA,NA,20.65438596,0.017976855,11.14522054,0.026739361,0.03270417,0.01515402,0.023570358,0.004120682,-0.050946757,7.16,9.24,7.55
-66,NotSig,Big Spirit Lake,43.453719,-95.09919,2300.233,NA,plains,7.3152,NA,NA,NA,1079.333333,-0.020065797,49.26587302,-0.112728608,56.95454611,0.046902303,0.058792263,-0.021882081,0.045679478,0.020923534,0.030971731,NA,NA,NA
122517,NotSig,Pepacton Reservoir,42.094329,-74.839642,2317.588384,102669.9139,mountains,68.2,35.51453617,10.90862944,NA,257.6106481,-0.180548789,12.90330688,0.191019997,56.80803865,0.035815824,0.052104714,-0.003594714,0.043897374,0.016963595,-0.050131754,0.91,2.57,8.51
7886,NotSig,Chute River,44.025798,-70.641209,2443.036055,71275.7032,mountains,17.9832,5.956732607,14.09090909,15.66666667,NA,NA,6.926835572,0.007626954,83.51333619,0.019678378,0.034995905,0.015685618,0.029085404,0.014350672,-0.050115976,7.7,10.26,4.8
4972,NotSig,Lake Memphremagog,44.957048,-72.217978,2691.285038,67896.269,mountains,106.9848,25.87506757,NA,NA,NA,NA,19.67075309,-0.136297106,NA,0.056148531,0.040141399,0.044746263,0.023728571,0.021087909,-0.058186124,NA,NA,NA
584,NotSig,Dead Lake,46.477433,-95.755196,3020.31575,64571.4924,mountains,19.8,1.071436446,12.5,NA,NA,NA,NA,NA,NA,0.03796119,0.036572008,-0.000841046,-0.001743055,-0.026513843,0.032179856,13.72,6.83,34.5
6404,NotSig,Black Lake,44.504617,-75.583317,3179.200468,119772.5411,mountains,4.9,32.85612054,NA,31.91111111,641.2785714,0.026616396,39.88095238,0.012408582,43.54024422,0.047281264,0.04282672,0.003063428,0.046462078,0.029787327,-0.054233755,15.94,5.58,21.87
1109,NotSig,Elk Lake,44.861919,-85.377559,3258.498223,39564.8947,mountains,58.5,2.615718239,NA,4,NA,NA,5.7,-0.149902634,191.4267255,0.018345492,-0.012036846,-0.040594667,0.026415117,0.015019739,-0.025991454,10.52,9.95,20.24
3006,NotSig,Lake Minnetonka,44.930886,-93.601545,5572.968422,198297.8676,mountains,29.757,1.733688231,36.66666667,NA,1335.819027,0.010408171,NA,NA,32.05784873,0.022045675,0.022420226,-0.007224467,0.045725095,0.022204161,0.019356687,8.09,42.29,25.09
-22,NotSig,Red Rock Reservoir,41.374362,-92.986731,6171.456,NA,plains,11.5,NA,NA,NA,7122.805871,0.009673165,486.9065467,-0.02765536,39.54543527,0.01074641,0.021459214,-0.016684184,0.053680806,0.020620579,-0.030828596,NA,NA,NA
2714,NotSig,Lake Charlevoix,45.246912,-85.138665,7016.129136,100076.5614,mountains,37.1856,7.034677414,NA,3,621.767619,-0.010141065,4.122916667,-0.144646142,683.0833785,0.018864699,0.02222966,-0.00110646,0.001806091,-0.005446445,-0.025575094,13.57,9.71,17.19
1054,NotSig,Torch Lake,44.972825,-85.313322,7578.989674,67262.1941,mountains,86.9,1.742242248,NA,2,NA,NA,4.243333333,0.027260273,301.7005851,0.031135478,0.006285485,-0.038602394,0.02575265,0.011745443,-0.025909785,7.37,10.43,18.5
6208,NotSig,Stockton Lake,37.57015,-93.718828,10101.87911,464456.5803,mountains,49.5,27.23634777,NA,NA,516.4962652,0.012902955,23.67686529,0.055908514,64.47162127,0.005065771,0.025384592,0.043157679,0.029539737,0.010473304,-0.018283832,0.72,7.06,56.58
3523,NotSig,Lake Pepin,44.495383,-92.286713,10316.53662,132136.4799,mountains,17.1,30.47362888,43.37606838,NA,NA,NA,202.5572377,-0.185418113,NA,0.022987829,0.01788929,0.024401031,0.04293708,0.023352608,0.010077471,1.75,9.2,61.98
6301,NotSig,Table Rock Lake,36.56094,-93.511837,13686.81147,982940.3929,mountains,67.06,24.33033004,NA,NA,528.963724,0.094550075,26.52442877,0.126070368,59.90739605,-0.004010237,0.01079082,-0.000139756,0.03761706,0.020346927,-0.027184171,0.21,5.41,29.36
6490,NotSig,Seneca Lake,42.641671,-76.918376,17561.08827,127926.4594,mountains,198.4,6.704794566,NA,3.017857143,NA,NA,10.49665271,0.276133631,NA,0.027424495,0.030502208,-0.044444293,0.027087846,0.023271104,-0.052023518,3.85,7.61,48.98
6302,NotSig,Bull Shoals Lake,36.490608,-92.786039,18202.28056,1211805.159,mountains,64.01,22.98439216,NA,NA,628.0522433,0.074159183,31.43993169,-0.045215426,78.45266603,0.015481997,0.031186381,-0.002589478,0.025113714,0.008661772,-0.02850419,0.2,3.96,24.48
211,NotSig,NA,44.464741,-73.287532,113496.4045,1042251.167,mountains,97,12.62579373,10,15,NA,NA,20.33436637,-0.045058263,133.3130121,0.027695586,0.031305811,0.010369531,0.04586119,0.02464932,-0.060408018,NA,NA,NA
134680,Positive,NA,44.883453,-93.053182,1.471463882,529.7127,mountains,NA,NA,NA,NA,NA,NA,NA,NA,NA,0.022985705,0.034689311,-0.001565043,0.046577275,0.024254247,0.012480562,NA,NA,NA
8282,Positive,NA,41.871061,-71.345847,1.49247486,679.4855,mountains,1.5,NA,NA,NA,970.0555556,0.100069246,81.98958333,0.018087462,30.60436881,-0.000346211,-0.013225767,-0.046996967,0.023086568,0.011753913,-0.011512701,NA,NA,NA
8275,Positive,NA,41.583098,-71.27288,3.695476637,886.0432,mountains,3.7,NA,NA,NA,1195.064103,0.006594028,40.35714286,-0.074792829,86.29610219,-0.010791981,0.000361179,-0.043832606,0.022099967,0.008787992,0.009886588,NA,NA,NA
5320,Positive,Cole Pond,43.147757,-72.805908,16.76307606,2263.1675,mountains,3.9624,3.104427297,24.61538462,21.57142857,NA,NA,9.401130208,-0.013335662,NA,0.017871527,0.035269885,-0.025447015,0.045708937,0.028755381,-0.06309482,1.55,6.91,0
7595,Positive,Long Pond,41.410312,-71.553336,16.87995001,2751.1784,mountains,8.2,6.744902866,NA,NA,326.372549,0.091422777,8.796296296,0.103529529,89.36736507,-0.023019507,-0.030697047,-0.046884611,0.032164254,0.016110117,0.016066997,0,5.68,6.47
8075,Positive,Adams Pond,43.995011,-70.712032,17.56887581,2086.6902,mountains,15.5448,4.179942611,9.4,NA,NA,NA,6.879212454,0.155852192,NA,0.019095131,0.030488592,0.016150634,0.029758421,0.013995505,-0.049971059,0.24,8.31,5.74
7596,Positive,Silver Lake,41.434603,-71.488531,18.00096354,3234.7843,mountains,10,6.698867915,NA,NA,502.1078431,0.080542846,13.93518519,0.136753758,86.60992471,-0.020299992,-0.021151421,-0.047558273,0.03280483,0.01949947,0.017725372,3.79,80.36,2.68
7124,Positive,Horseshoe Pond,44.668318,-74.290408,19.59121109,3783.5156,mountains,2.8,54.0267447,NA,83.875,473.0026455,0.041519753,18.24404762,0.058360876,59.58528495,-0.01540149,-0.015516777,-0.022336811,0.041019949,0.022374893,-0.058736269,11.46,5.17,0.31
76283,Positive,Keller Lake,44.726502,-93.252203,22.2262973,2126.9347,mountains,3.042,9.892269888,NA,NA,NA,NA,NA,NA,NA,0.022821265,0.022123623,0.00069152,0.027898756,0.011562,0.012638044,0.54,97.74,0
2703,Positive,NA,43.484853,-72.390863,25.41748543,3121.2078,mountains,3.9624,61.83092932,70,NA,NA,NA,14.8497768,0.178255747,NA,0.034133014,0.050002139,-0.019484963,0.037202585,0.016293094,-0.055211705,1.37,7.56,19.28
249,Positive,NA,43.737817,-73.38038,30.0086238,3494.3989,mountains,NA,100.5595544,NA,NA,NA,NA,50.28094213,0.066569118,NA,0.046240669,0.029895053,0.000947422,0.04902851,0.030367412,-0.060193112,5.61,5.58,9.66
7461,Positive,Pasquiset Pond,41.425872,-71.631065,31.60592568,3395.621,mountains,5,128.1855624,NA,NA,609,0.105808403,18.66363636,0.071267059,90.66619025,-0.024734829,-0.035950293,-0.047209691,0.037849356,0.017939345,0.016160619,31.84,12.06,11.56
6546,Positive,Plymouth Reservoir,42.588101,-75.651126,31.99636383,2208.3428,mountains,3.1,7.501682453,NA,30.80152672,421.6269841,-0.021387983,19.95436508,-0.083438594,72.01031162,0.024360479,0.03116029,-0.012544463,0.03092875,0.004831787,-0.049511091,8.05,3.72,0
7540,Positive,Hundred Acre Pond,41.499841,-71.542433,34.37171876,3722.0776,mountains,11.6,57.72855297,NA,NA,677.96875,0.070068537,18.25490196,0.115745476,87.00081498,-0.016591065,-0.017730244,-0.04681386,0.02417388,0.006081149,0.010896879,12.88,13.93,18.08
8272,Positive,Tucker Pond,41.422103,-71.552093,39.08902027,5063.2542,mountains,9.8,2.886293658,NA,NA,455,0.078401892,19.5745614,0.098831544,58.53419135,-0.023019507,-0.030697047,-0.046884611,0.032164254,0.016110117,0.016066997,14.06,4.64,13.42
3208,Positive,Lake Virginia,44.886682,-93.632324,43.86769674,4289.6558,mountains,11,6.129559418,NA,NA,NA,NA,NA,NA,NA,0.01373957,0.018998041,-0.008405186,0.045452893,0.021561385,0.01832779,4.21,54.27,9.46
6529,Positive,Bradley Brook Reservoir,42.834277,-75.661294,56.37574633,3758.0671,mountains,8.2,4.445786706,NA,5.962616822,NA,NA,10.74984539,0.087193423,64.49633828,0.023520282,0.019263348,-0.010851977,0.025686248,0.009005986,-0.052893399,4.12,0.43,20.4
7544,Positive,Smith and Sayles Reservoir,41.893897,-71.680543,69.90674723,7117.1767,mountains,3.4,5.864118813,NA,18,357.7380952,-0.071755482,10.44444444,-0.053176764,86.80966213,-0.012178414,0.002499828,-0.050033381,0.037183648,0.008414298,-0.025414037,2.85,16.1,2.06
3943,Positive,Eagle Lake,44.808573,-93.934381,71.66132855,3719.3771,mountains,5,5.455311437,39,NA,NA,NA,NA,NA,NA,0.010297132,0.013842073,-0.014257382,0.037120918,0.011593474,0.015878327,5.06,6.33,79.28
8281,Positive,Tiogue Lake,41.677571,-71.550382,90.87605415,8052.0534,mountains,3.4,6.58215568,NA,NA,785.1960784,0.016320997,13.25833333,0.03606482,141.8338966,0.017294689,0.014580457,-0.057458628,0.032459616,0.000420913,-0.009575732,6.99,70.17,0.35
971,Positive,Goose Lake,44.887032,-93.83989,101.3464143,7773.5058,mountains,3,5.316956402,40,NA,NA,NA,NA,NA,NA,0.017202625,0.017351192,-0.003845527,0.037682617,0.012989483,0.018835818,6.55,6.53,72.03
8213,Positive,Bear Pond,44.150747,-70.715765,101.3529659,6969.7244,mountains,21.9456,21.67306478,16.66666667,NA,NA,NA,9.298214286,0.042418779,NA,0.009848704,0.013443304,0.004546342,0.031445776,0.015901747,-0.053926241,2.39,4.54,6.45
6407,Positive,Ballston Lake,42.93669,-73.85861,108.9514991,12290.037,mountains,36,23.51872282,NA,24.69503546,600.575,0.104543563,29.90646259,0.131037319,38.9326258,0.037594142,0.037739573,0.000988131,0.038390519,0.009073207,-0.053569009,23.54,14.43,24.99
60742,Positive,Swede Lake,44.929897,-93.820277,126.1365622,5128.6495,mountains,3.11,1.247159322,NA,NA,NA,NA,NA,NA,NA,0.017607495,0.020341592,-0.008970815,0.036702503,0.010802959,0.019729212,0.8,7.45,64.43
827,Positive,Lake Wingra,43.053693,-89.419354,136.189348,8794.5672,plains,6.7,8.792336637,NA,20,NA,NA,45.35715562,-0.200063905,55.62315911,0.03537266,0.035865959,-0.000545977,0.011665376,-0.017705552,-0.025466551,9.8,76.06,3.34
1505,Positive,Sixmile Lake,45.124457,-85.204219,149.8515774,14055.0185,mountains,9.4488,26.95547632,NA,11,NA,NA,NA,NA,150.0221469,0.022580095,0.025363477,-0.019871689,0.003967611,-0.008071659,-0.027926582,7.52,5.82,19.56
7598,Positive,Stafford Pond,41.640484,-71.156263,197.4905242,9535.0774,mountains,7.3,1.784830784,NA,NA,444.2647059,0.020104268,23.80701754,0.016929248,50.83877325,-0.012647685,-0.00628457,-0.042359236,0.021791356,-0.005464128,0.002076079,15.06,25.6,2.33
447,Positive,Acton Lake,39.572346,-84.748952,238.8867009,12314.8785,plains,9.39,106.5477182,NA,NA,5146.545419,-0.078737262,NA,NA,87.13011726,-0.005982471,-0.013431476,-0.003357143,0.036593786,0.007356074,-0.060094175,0.14,5.4,81.49
8333,Positive,Flat River Reservoir,41.696441,-71.619423,240.0981873,32983.4409,mountains,11,19.97771264,NA,27.5,423.5111111,-0.0069479,11.08529412,-0.051818193,103.670906,0.011902529,0.00696933,-0.054651482,0.031863013,0.00169425,-0.010194944,10.28,13.55,3.77
1295,Positive,Lake Latoka,45.874667,-95.434765,307.8724892,14180.7565,mountains,32.9,2.00758403,11,NA,NA,NA,NA,NA,NA,0.042562318,0.047762099,-0.069325237,0.022818247,-0.004779462,0.030716192,0.72,21.52,54.92
4995,Positive,Lake Salem,44.926478,-72.102106,314.2192512,11616.5521,mountains,21.336,20.37258042,NA,NA,NA,NA,13.04657031,0.220873999,NA,0.033184169,0.034532296,0.045853718,0.029626875,0.02001733,-0.055055845,7.89,6.12,24.51
4243,Positive,NA,44.971224,-91.857863,561.5358537,30270.8241,mountains,11.2776,193.0417299,NA,23.5,NA,NA,137.2470403,-0.00388661,NA,0.011475711,0.006399291,0.040646761,0.031688719,0.005215767,0.005386925,5.32,7.13,57.15
5567,Positive,Lake Willoughby,44.748418,-72.05257,754.3050033,21028.3688,mountains,93.8784,5.548103511,NA,NA,NA,NA,9.475324209,0.168678016,NA,0.002950935,0.009674266,0.016839693,0.026553564,0.006531491,-0.053513311,0.86,3.61,4.5
2876,Positive,Lake Waconia,44.868842,-93.784614,1241.838775,17594.7409,mountains,11.3,0.469197655,11.2195122,NA,NA,NA,NA,NA,NA,0.016455754,0.018563251,-0.008358298,0.039941394,0.015796707,0.019624994,8.34,31.7,38.43
5371,Positive,Lake Mendota,43.107725,-89.422733,3961.151639,38422.282,plains,25.3,6.149806821,NA,13.33333333,NA,NA,56.08342152,-0.187025623,44.94953259,0.03428472,0.052457325,0.001690968,0.035025937,0.001970424,-0.02036587,3.62,28.38,60.49
